geoid,county_name,is_independent_city,aland_sqmi,region,total_population,households,median_hh_income,per_capita_income,median_age,pop_density_sqmi,pop_growth_pct,mhi_growth_pct,mhi_growth_real_pct,max_aadt,interstate_max_aadt,interstate_miles,vmt_proxy,establishments_all,gas_stations,food_service_estabs,gas_stations_per_10k,dist_interstate_mi,dist_open_bucees_mi,dist_any_bucees_mi,interstate_crosses_county
51001,Accomack County,0,449.3197838846559,,33326,14302,57500.0,33213.0,47.5,74.2,1.78,33.07,9.66,22000.0,,,1766328.8767830143,711,29.0,74.0,8.7,63.62483847049901,184.14125800002392,77.08668337521483,False
51003,Albemarle County,0,720.4718479413874,,113683,45064,102617.0,57490.0,39.8,157.8,6.89,36.11,12.17,59000.0,55000.0,58.76980365428629,6096739.692146466,2963,31.0,186.0,2.73,0.044072076981192594,30.514987039900056,30.514987039900056,True
51005,Alleghany County,0,446.5721623911052,,14962,6292,55160.0,30925.0,48.1,33.5,-2.12,15.41,-4.89,18000.0,18000.0,86.37226917983855,1187945.996828857,241,9.0,23.0,6.02,0.3821545905023882,70.78700619733439,70.78700619733439,True
51007,Amelia County,0,355.3604517823824,,13342,5285,66339.0,33626.0,44.8,37.5,3.8,13.35,-6.59,17000.0,,,795878.8299575978,273,10.0,9.0,7.5,27.86237836762968,87.46254634273105,54.891912509805515,False
51009,Amherst County,0,473.9614927578756,,31385,12702,67298.0,36275.0,43.3,66.2,-1.56,36.87,12.79,31000.0,,,1485765.091793966,553,16.0,40.0,5.1,17.867202086473757,53.14586214685882,53.14586214685882,False
51011,Appomattox County,0,334.2235485736268,,16424,6563,62337.0,33468.0,43.3,49.1,5.44,10.97,-8.55,18000.0,,,670471.2094747971,319,11.0,18.0,6.7,41.988351618487414,68.11646653850154,68.11646653850154,False
51013,Arlington County,0,25.997413552321238,,235463,111530,140160.0,88024.0,35.5,9057.2,1.58,19.41,-1.59,191000.0,191000.0,27.03171953458997,6337790.522640649,6334,34.0,620.0,1.44,0.8384309828029255,105.23609266278042,37.25321330490246,True
51015,Augusta County,0,967.0734981385931,,77713,30644,79972.0,37781.0,44.9,80.4,4.03,30.45,7.5,69000.0,69000.0,94.55917923604076,6697938.404373396,1439,28.0,76.0,3.6,5.473922045862954,17.327264102787133,17.327264102787133,True
51017,Bath County,0,529.2016737567911,,4123,1781,61709.0,36110.0,52.3,7.8,-6.15,33.75,10.23,3300.0,,,128854.03108273596,127,3.0,7.0,7.28,14.236919947894393,48.877935249065224,48.877935249065224,False
51019,Bedford County,0,760.1041665571989,,80254,32698,77644.0,42095.0,47.1,105.6,3.01,26.17,3.97,33000.0,,,2559906.672080334,1818,25.0,110.0,3.12,17.46592373136834,78.91222075722267,78.91222075722267,False
51021,Bland County,0,357.64510319695296,,6211,2345,61375.0,29128.0,47.1,17.4,-3.66,21.51,0.14,32000.0,32000.0,41.51106877636404,1383571.3641579696,70,4.0,4.0,6.44,0.3703571516702312,147.45529291932246,125.44916839237258,True
51023,Botetourt County,0,541.2762199198402,,33875,13105,80467.0,41322.0,48.1,62.6,1.97,17.62,-3.06,42000.0,42000.0,50.83370752184173,3371641.5722887334,776,17.0,42.0,5.02,5.085371707527043,73.36696595286129,73.36696595286129,True
51025,Brunswick County,0,566.2400148276138,,15868,6390,52978.0,29171.0,44.4,28.0,-4.78,26.36,4.13,26000.0,26000.0,36.73276908214467,1688310.9666500615,254,11.0,10.0,6.93,5.913521226369059,124.42493700398208,69.35693470119168,True
51027,Buchanan County,0,502.85439064468943,,19857,7351,42216.0,26203.0,47.3,39.5,-10.3,37.04,12.93,9200.0,,,604800.3707519841,343,8.0,16.0,4.03,36.453622135444874,125.02660963628405,125.02660963628405,False
51029,Buckingham County,0,579.6225218212476,,16914,6062,59199.0,28353.0,43.7,29.2,-0.53,27.97,5.46,9400.0,,,464219.69768473064,257,12.0,6.0,7.09,30.07350184260089,58.23448160633133,58.23448160633133,False
51031,Campbell County,0,503.20732392509797,,55398,22080,62608.0,33847.0,43.2,110.1,0.41,24.57,2.66,49000.0,,,3711212.2260707063,1216,28.0,77.0,5.05,39.1780092886079,79.90724777310032,79.60509606108509,False
51033,Caroline County,0,527.3626977472132,,31541,11680,86267.0,38847.0,39.4,59.8,4.5,33.3,9.86,104000.0,104000.0,28.290258955501045,4130303.1926348717,424,26.0,34.0,8.24,8.266341776638694,88.94605432709196,27.57647503343668,True
51035,Carroll County,0,474.7444191319032,,29158,12493,52575.0,29946.0,49.0,61.4,-1.95,20.77,-0.47,46000.0,46000.0,56.63578009104679,3257439.968193628,431,22.0,31.0,7.55,0.9999249146540794,149.8799301586317,91.87091476873829,True
51036,Charles City County,0,182.90105198148777,,6686,2947,70339.0,41266.0,52.6,36.6,-4.42,18.83,-2.07,4900.0,,,198089.54046331203,153,5.0,3.0,7.48,9.755176291668784,123.06435469786472,10.30813142101685,False
51037,Charlotte County,0,475.29566297518664,,11475,4621,48892.0,28682.0,45.2,24.1,-5.13,24.69,2.75,6200.0,,,530540.9070333014,220,9.0,13.0,7.84,36.20288773258469,93.8606605570616,74.65309610732356,False
51041,Chesterfield County,0,423.5056395134193,,371610,136996,98910.0,46772.0,38.9,877.5,9.48,23.31,1.62,131000.0,131000.0,47.46083340802697,19129342.018275194,8257,90.0,600.0,2.42,9.053435969326712,99.54616451965417,33.35424647360796,True
51043,Clarke County,0,175.9582328510682,,15060,5651,114185.0,54763.0,48.3,85.6,4.84,46.51,20.74,29000.0,,,1482221.2155189037,377,7.0,23.0,4.65,9.04932969923821,72.53763819940964,56.12667412984704,False
51045,Craig County,0,328.09820037735966,,4881,1752,67778.0,34122.0,46.1,14.9,-4.54,22.16,0.67,4200.0,,,89306.1882478338,64,,5.0,,14.300272899432299,92.64656528985127,92.64656528985127,False
51047,Culpeper County,0,379.18171712093107,,53563,18584,96098.0,40304.0,39.3,141.3,6.17,31.43,8.31,35000.0,,,2425133.252534016,1126,20.0,85.0,3.73,26.14462363453757,53.48589898723396,27.429391826883666,False
51049,Cumberland County,0,297.47407369373934,,9745,4175,57057.0,36142.0,45.2,32.8,-0.42,23.44,1.73,8500.0,,,241411.34668558178,145,7.0,12.0,7.18,26.699615002912807,69.07725950230046,68.48900535697143,False
51051,Dickenson County,0,330.440254372045,,13920,5717,43831.0,26070.0,45.9,42.1,-6.95,49.97,23.59,7000.0,,,256311.4794119142,184,9.0,10.0,6.47,35.29765718892224,105.96823490416229,105.96823490416229,False
51053,Dinwiddie County,0,503.8856509772527,,28083,10427,83898.0,37955.0,43.4,55.7,-0.79,50.14,23.73,62000.0,62000.0,53.220817819600896,2802010.0591575187,396,12.0,18.0,4.27,2.0720847862353695,113.23289895997421,45.42332642524563,True
51057,Essex County,0,257.35403198956345,,10604,4396,56481.0,32839.0,47.1,41.2,-3.91,7.21,-11.64,21000.0,,,693840.886339304,309,8.0,25.0,7.54,27.744439467566927,111.30036568370541,30.819142601706712,False
51059,Fairfax County,0,391.0204471435265,,1144474,412663,150113.0,69971.0,38.9,2926.9,0.08,23.92,2.13,254000.0,254000.0,173.8593095457276,54857688.2609875,31931,189.0,2458.0,1.65,2.56980997149505,95.33554600895249,30.589137669139628,True
51061,Fauquier County,0,647.9937217867282,,73935,26266,129495.0,55864.0,40.8,114.1,6.97,32.86,9.49,56000.0,56000.0,43.22522532735703,6436351.338813543,2015,30.0,119.0,4.06,7.501334836295759,66.11496131554205,29.221606735773626,True
51063,Floyd County,0,380.92284017165235,,15560,6649,61401.0,36681.0,48.0,40.8,-0.68,23.47,1.75,9100.0,,,359254.93640904024,339,5.0,20.0,3.21,12.985582132847648,126.05415993959727,83.81469090905881,False
51065,Fluvanna County,0,287.11730530049755,,27764,10251,91959.0,42987.0,43.3,96.7,5.64,22.72,1.14,10000.0,,,445421.9467478974,420,7.0,20.0,2.52,9.862796606899,50.07305441568293,50.07305441568293,True
51067,Franklin County,0,690.6100293904265,,54958,22484,68348.0,38202.0,48.5,79.6,-2.27,29.84,7.0,27000.0,,,2150313.1419016616,1238,28.0,76.0,5.09,17.166144058004196,107.73094122418347,71.46224648022745,False
51069,Frederick County,0,413.1346482749632,,93355,34338,95603.0,45248.0,40.6,226.0,9.63,30.52,7.56,72000.0,72000.0,45.61339308199685,5934993.9097636435,1695,30.0,117.0,3.21,6.246328965012425,68.76483501174012,68.76483501174012,True
51071,Giles County,0,357.2245120769966,,16610,6769,64819.0,33792.0,45.8,46.5,-1.21,23.52,1.79,14000.0,,,953522.462462648,299,17.0,23.0,10.23,16.030945795529224,121.02010322534552,115.97944213014117,False
51073,Gloucester County,0,217.8097697625399,,39228,15111,83689.0,40924.0,44.6,180.1,5.56,25.47,3.4,32000.0,,,1750405.3559744556,868,19.0,67.0,4.84,10.641448749760201,145.51719418256715,25.67346210758199,False
51075,Goochland County,0,282.028868427986,,25613,10013,118695.0,68258.0,49.4,90.8,13.93,32.26,9.0,81000.0,81000.0,58.07872202181597,3983879.2001844104,756,13.0,34.0,5.08,3.8815971508132923,70.36652838803471,52.63036935188091,True
51077,Grayson County,0,441.7853280614327,,15323,6202,42864.0,27087.0,48.5,34.7,-3.09,26.19,3.99,8600.0,,,448867.9632019742,173,8.0,10.0,5.22,17.791965067743302,141.43761540865907,114.55313003189059,False
51079,Greene County,0,155.9470174353819,,20850,7912,85268.0,41541.0,40.8,133.7,7.42,31.22,8.14,29000.0,,,754820.2389858654,384,9.0,27.0,4.32,19.188339577038455,25.30742196053764,25.30742196053764,False
51081,Greensville County,0,295.22705102333606,,11304,3092,56759.0,23125.0,39.9,38.3,-3.04,27.45,5.03,43000.0,43000.0,35.04245373818872,1877110.2094357244,100,9.0,3.0,7.96,0.14753611872245398,138.08606362348462,64.57749730935883,True
51083,Halifax County,0,817.7310616013764,,33811,13673,49244.0,27115.0,46.7,41.3,-2.78,16.45,-4.04,18000.0,,,1522300.6927852037,656,15.0,47.0,4.44,38.051675960972034,109.6363510433746,52.725604757141,False
51085,Hanover County,0,467.57312134645105,,111652,42012,109504.0,51509.0,42.3,238.8,6.9,23.52,1.79,131000.0,131000.0,51.60862226710931,8542622.791041277,3413,48.0,216.0,4.3,1.6505414500475242,88.4438670715693,32.487150563799425,True
51087,Henrico County,0,233.6985867172484,,334434,135599,86397.0,50277.0,39.4,1431.0,2.7,25.99,3.83,160000.0,160000.0,146.80371368440163,18876111.70035641,9754,93.0,709.0,2.78,0.7794666376986279,100.42030798672724,22.509901783601475,True
51089,Henry County,0,382.35103128389653,,50365,20503,48445.0,28644.0,47.9,131.7,-2.37,32.06,8.83,20000.0,,,2376894.2370133325,803,34.0,63.0,6.75,29.7704975114362,126.69326810376491,52.99676729830938,False
51091,Highland County,0,415.16287264365286,,2265,1003,62946.0,35262.0,57.1,5.5,2.3,36.4,12.41,1400.0,,,67078.92723103098,79,,3.0,,32.09206077977567,34.91829078612564,34.91829078612564,False
51093,Isle of Wight County,0,315.68541327934116,,39444,15426,96118.0,47674.0,44.2,124.9,8.45,34.66,10.98,30000.0,,,1631635.3043180762,766,18.0,62.0,4.56,16.236998948926747,157.4021770028039,44.439914706606665,False
51095,James City County,0,142.298215010797,,80046,31351,107046.0,53887.0,47.2,562.5,7.95,28.9,6.22,76000.0,76000.0,14.37322662397196,2884603.5313877184,1841,15.0,134.0,1.87,3.0288170839480832,137.17906594138748,16.79209523719586,True
51097,King and Queen County,0,315.1308864094036,,6676,2814,72851.0,39622.0,49.0,21.2,-5.33,33.63,10.13,17000.0,,,497465.71149165113,117,5.0,,7.49,16.34510792154858,119.24713667243275,16.281500450736104,False
51099,King George County,0,179.6278659131161,,27468,9877,110517.0,47046.0,38.3,152.9,6.1,26.56,4.3,22000.0,,,1341765.6260775886,496,13.0,34.0,4.73,17.361872771510154,96.36072149784998,19.100329071333025,False
51101,King William County,0,273.9104655225487,,18232,7115,85212.0,38965.0,40.5,66.6,10.52,24.0,2.19,22000.0,,,620296.501856074,359,11.0,27.0,6.03,13.7182723324794,109.84638158701377,15.230293878417877,False
51103,Lancaster County,0,133.306201531253,,10876,5468,67169.0,49384.0,59.1,81.6,0.67,32.38,9.1,16000.0,,,399690.8398196979,458,8.0,39.0,7.36,28.76215529578281,141.04736842425396,33.63424227475978,False
51105,Lee County,0,435.37761602068247,,22042,8446,42269.0,25439.0,45.4,50.6,-8.67,29.19,6.47,14000.0,,,827492.9284593152,242,17.0,19.0,7.71,31.20565533474477,56.91906566253336,56.91906566253336,False
51107,Loudoun County,0,515.737212332883,,427082,140823,178707.0,70133.0,37.8,828.1,10.89,31.14,8.08,156000.0,,,13595480.97442007,12561,70.0,844.0,1.64,18.02155880283585,86.3174636819825,47.470871586553,False
51109,Louisa County,0,495.0778564901033,,39012,15211,80343.0,42793.0,44.8,78.8,10.27,35.39,11.57,41000.0,41000.0,24.01280175271188,1985841.3418770053,683,20.0,46.0,5.13,7.144476223232433,58.58096224910609,40.8585755635101,True
51111,Lunenburg County,0,431.6999385201613,,11990,4669,54460.0,26539.0,44.8,27.8,-2.35,30.08,7.2,5800.0,,,248154.14727660632,170,7.0,7.0,5.84,15.46279108092787,104.25531094586562,78.3309413011235,False
51113,Madison County,0,320.6387302265513,,13931,5392,82972.0,40022.0,46.2,43.4,6.03,53.09,26.17,20000.0,,,822322.2036503255,283,6.0,13.0,4.31,26.821727376060082,35.40912711760141,35.40912711760141,False
51115,Mathews County,0,85.91084148688773,,8517,3767,75487.0,45767.0,53.8,99.1,-3.17,12.65,-7.16,14000.0,,,190685.0937703184,191,6.0,12.0,7.04,20.322767959256968,154.79032894329916,36.27204712163747,False
51117,Mecklenburg County,0,625.3095771122655,,30431,13395,51691.0,33014.0,48.8,48.7,-1.35,23.0,1.37,28000.0,28000.0,48.96961799831428,2652074.056926883,793,33.0,57.0,10.84,12.709787716549863,119.65369715536437,67.82908323860201,True
51119,Middlesex County,0,130.33038516775622,,10774,4733,74154.0,40661.0,55.5,82.7,0.69,42.83,17.71,12000.0,,,540758.2234663952,306,8.0,24.0,7.43,19.504463505900762,138.04749530359493,25.285929922329775,False
51121,Montgomery County,0,386.84698165275336,,99159,36731,70769.0,36009.0,30.2,256.3,1.19,29.52,6.74,53000.0,53000.0,58.32803215696016,5384135.696041563,2016,32.0,190.0,3.23,2.9381433251107594,114.3166908568718,97.2817220332677,True
51125,Nelson County,0,470.7452274141249,,14777,6470,68525.0,45251.0,51.3,31.4,-0.24,9.73,-9.57,18000.0,,,1239713.9165178512,372,13.0,13.0,8.8,16.97993568267991,39.23949407794039,39.23949407794039,True
51127,New Kent County,0,210.03428426141633,,24139,9034,120125.0,51609.0,43.4,114.9,14.39,50.73,24.21,72000.0,72000.0,42.85443838641751,3813976.569324183,458,11.0,32.0,4.56,0.8850280617424316,120.63234285471832,0.544956441795801,True
51131,Northampton County,0,211.7117981398242,,12115,5338,55933.0,38934.0,51.6,57.2,1.32,28.43,5.84,17000.0,,,1425199.829456823,327,12.0,42.0,9.91,33.229607661596226,180.77328666755201,62.59250168082665,False
51133,Northumberland County,0,191.43155291770006,,12085,5436,69500.0,47191.0,59.5,63.1,-1.13,18.45,-2.39,8300.0,,,370642.2070058922,306,9.0,13.0,7.45,38.7441310000063,140.39713111839671,41.61087211392666,False
51135,Nottoway County,0,314.3896992231231,,15597,5492,62161.0,25832.0,41.2,49.6,0.63,45.0,19.5,14000.0,,,706307.1183125385,299,11.0,26.0,7.05,21.775680256035926,96.41165485321646,62.907397834424,False
51137,Orange County,0,340.5149886520471,,37208,14667,94175.0,45021.0,42.0,109.3,4.48,37.52,13.33,28000.0,,,1103270.1686913925,724,18.0,70.0,4.84,21.362773118328153,50.187129544148995,32.440231316891364,False
51139,Page County,0,310.01727220123576,,23750,9509,59396.0,31006.0,45.4,76.6,0.0,23.87,2.08,14000.0,,,596905.870038652,441,8.0,41.0,3.37,10.293508973841213,30.148172848648777,30.148172848648777,False
51141,Patrick County,0,482.9544004500188,,17606,7797,50938.0,32864.0,51.0,36.5,-1.42,25.82,3.69,9000.0,,,514252.5037646811,266,14.0,16.0,7.95,21.64685111183777,137.8179017766473,68.94375735834423,False
51143,Pittsylvania County,0,969.002778423726,,60148,24633,54115.0,30209.0,48.3,62.1,-2.48,19.24,-1.73,22000.0,,,3192884.410956274,879,17.0,47.0,2.83,42.51260963114529,109.01946005170782,52.405018000147955,False
51145,Powhatan County,0,260.20246166789235,,31074,11151,110667.0,48796.0,45.3,119.4,8.75,31.88,8.68,63000.0,,,1637895.1703076498,740,13.0,34.0,4.18,12.963280811940582,78.34412414713664,50.4647061784187,False
51147,Prince Edward County,0,349.946317275726,,21932,7560,55082.0,25782.0,32.4,62.7,-4.46,19.25,-1.72,20000.0,,,1082767.6816342608,496,12.0,38.0,5.47,37.59758576251974,82.44026649715944,81.60925629605191,False
51149,Prince George County,0,265.34185167006234,,42873,12718,88225.0,33937.0,33.4,161.6,13.14,31.68,8.52,112000.0,112000.0,62.81351640386179,3386591.9453721344,466,14.0,36.0,3.27,4.370617944172132,123.25070100909697,24.778250319337825,True
51153,Prince William County,0,335.25464288226186,,484625,154609,128873.0,50883.0,36.0,1445.5,6.1,24.58,2.67,206000.0,206000.0,87.81618512700558,20937107.786111936,9286,101.0,766.0,2.08,7.038686717529321,81.9826577914098,19.77779044782693,True
51155,Pulaski County,0,319.838901072227,,33771,14386,60767.0,35650.0,46.9,105.6,-1.35,15.44,-4.86,47000.0,47000.0,30.884900182296168,2272357.9258397706,641,20.0,56.0,5.92,0.3516429629804649,132.6290562993992,104.3028747273504,True
51157,Rappahannock County,0,266.37223400631706,,7409,2861,98125.0,57136.0,50.1,27.8,1.05,43.38,18.16,6700.0,,,351710.4367758944,197,4.0,12.0,5.4,16.126108555488532,47.43643998060785,42.260677243418996,False
51159,Richmond County,0,191.477877454682,,9047,2931,64184.0,27687.0,46.1,47.2,1.9,28.8,6.15,15000.0,,,459342.79436892556,195,4.0,13.0,4.42,33.635593204480685,123.27791514034136,34.16883739519998,False
51161,Roanoke County,0,250.54751155433527,,96793,39231,82931.0,44817.0,43.7,386.3,3.43,26.68,4.39,78000.0,78000.0,49.35989134702826,5467692.852666014,2145,26.0,139.0,2.69,2.1476983681287933,97.64344967406596,93.22995593499758,True
51163,Rockbridge County,0,596.5483960463276,,22578,9552,63975.0,37739.0,49.7,37.8,0.31,16.73,-3.8,49000.0,49000.0,103.05760732361374,4304460.697277325,458,17.0,29.0,7.53,0.35561698715991263,46.91517240384736,46.91517240384736,True
51165,Rockingham County,0,849.7934655439284,,84739,32048,78468.0,39011.0,40.3,99.7,6.67,31.18,8.11,59000.0,59000.0,49.90945102165981,4934138.746826562,1648,25.0,92.0,2.95,4.057322870813084,11.199758484542118,11.199758484542118,True
51167,Russell County,0,473.5239413284009,,25635,10470,49020.0,28484.0,46.5,54.1,-6.47,24.16,2.32,14000.0,,,1154738.6556149884,436,16.0,30.0,6.24,17.261032693402807,107.28649154803394,107.28649154803394,False
51169,Scott County,0,535.8272698093436,,21504,8951,45136.0,28009.0,47.6,40.1,-2.29,15.31,-4.97,28000.0,,,1051961.4957712989,260,23.0,22.0,10.7,8.474634444109116,75.80465742859981,75.80465742859981,False
51171,Shenandoah County,0,508.07929957226145,,44630,17782,64437.0,35360.0,42.9,87.8,3.68,17.33,-3.31,62000.0,62000.0,71.08219829398364,4251322.079311732,922,25.0,86.0,5.6,1.2827424378714758,39.73760518411464,39.73760518411464,True
51173,Smyth County,0,451.4396912997088,,29585,12530,46859.0,29369.0,46.2,65.5,-4.75,15.92,-4.47,36000.0,36000.0,50.48227568512013,2089487.4950981173,499,15.0,50.0,5.07,1.4783207667886085,130.37189731416453,130.37189731416453,True
51175,Southampton County,0,599.1957120601106,,17988,6887,68465.0,32981.0,46.9,30.0,0.27,25.37,3.32,21000.0,,,1568193.5925346229,209,12.0,4.0,6.67,19.638665264317453,150.721076388537,53.91473250235252,False
51177,Spotsylvania County,0,401.9683155475716,,143876,51289,109576.0,46837.0,38.3,357.9,9.48,28.41,5.83,190000.0,190000.0,26.558525898229135,7411247.784007469,2811,38.0,217.0,2.64,8.252267068255648,70.10412063262058,19.274232854847636,True
51179,Stafford County,0,269.2050006783804,,160520,51309,133792.0,51999.0,36.3,596.3,11.46,25.31,3.26,260000.0,260000.0,33.64963925150489,7340218.503641502,2570,25.0,196.0,1.56,1.6690806279074277,79.89962182802982,0.27121202383091797,True
51181,Surry County,0,278.94944734177676,,6552,2755,71458.0,38105.0,50.7,23.5,-0.73,30.29,7.38,5300.0,,,194168.6471279123,87,,5.0,,17.24228226555103,140.37768776667284,27.279347119818464,False
51183,Sussex County,0,490.22580371432053,,10793,3705,62821.0,30457.0,41.0,22.0,-6.03,37.16,13.04,39000.0,39000.0,39.890652460591824,2034661.9263966954,184,11.0,16.0,10.19,7.345915797863857,134.60242398495384,42.26920713617073,True
51185,Tazewell County,0,518.791190831253,,39933,15951,45788.0,28604.0,45.0,77.0,-5.1,11.74,-7.92,17000.0,,,1407023.9782302096,895,34.0,68.0,8.51,19.264731857063598,139.11341796814946,139.11341796814946,False
51187,Warren County,0,214.57181281342017,,41104,15357,84331.0,39834.0,40.5,191.6,4.2,23.67,1.92,56000.0,56000.0,39.8164370181768,2423205.282424685,882,16.0,75.0,3.89,3.395683495999815,54.53143611405752,52.92543726038261,True
51191,Washington County,0,561.1931885708306,,53913,22118,62774.0,38582.0,46.9,96.1,-0.91,35.69,11.83,63000.0,63000.0,73.86655254130783,4675766.626270642,1207,39.0,89.0,7.23,1.2861142517420179,105.67423846550595,105.67423846550595,True
51193,Westmoreland County,0,229.32607398068188,,18683,8029,59766.0,37305.0,48.0,81.5,5.92,10.13,-9.24,8100.0,,,453796.4356052452,338,9.0,35.0,4.82,38.12760567153492,116.72167798389381,41.30831284538942,False
51195,Wise County,0,403.4398018392618,,35727,14055,50740.0,24622.0,42.1,88.6,-8.45,32.32,9.05,19000.0,,,1532391.4415654086,607,29.0,59.0,8.12,26.525912833208512,88.26705043577167,88.26705043577167,False
51197,Wythe County,0,461.9521198669843,,28219,12396,55359.0,33564.0,45.9,61.1,-2.49,15.23,-5.04,61000.0,61000.0,80.50722660567068,3849504.5623246,691,29.0,58.0,10.28,2.571947272972624,154.4626272057094,114.89408400061575,True
51199,York County,0,104.70132234113629,,70590,26445,108326.0,51183.0,39.8,674.2,4.44,19.87,-1.21,170000.0,170000.0,102.1871812428613,11401527.929326035,1503,14.0,148.0,1.98,2.458503262424226,150.3878895341165,29.708312117515955,True
51510,Alexandria city,1,14.935331882655525,,156788,75349,113638.0,77935.0,37.5,10497.8,0.18,17.48,-3.19,65000.0,,,1370060.8421136772,4493,25.0,385.0,1.59,1.1481112107258205,104.69345160817919,34.25052223289059,True
51520,Bristol city,1,12.871189974565281,,17024,7327,44706.0,29646.0,42.6,1322.6,1.07,17.95,-2.8,17000.0,,,323060.7926289615,533,17.0,65.0,9.99,0.5718525518526356,92.32409864368151,92.32409864368151,True
51530,Buena Vista city,1,6.438157740359966,,6612,2611,54458.0,33175.0,36.2,1027.0,3.33,58.89,30.95,11000.0,,,44897.33176448373,109,4.0,10.0,6.05,3.35604356056608,49.01201933833644,49.01201933833644,False
51540,Charlottesville city,1,10.245312669237533,,45863,19699,69829.0,48395.0,32.9,4476.5,-2.51,18.49,-2.35,55000.0,,,958158.7041181244,2070,16.0,291.0,3.49,1.8710667542380826,32.510192378921175,32.510192378921175,True
51550,Chesapeake city,1,338.4564004374053,,251153,92361,94189.0,43819.0,37.7,742.1,5.61,24.28,2.42,116000.0,116000.0,52.440835575709485,10063886.971786637,5867,73.0,506.0,2.91,5.535959542840731,184.85839632796865,68.38007061714114,True
51570,Colonial Heights city,1,7.519478534391208,,18210,7545,76250.0,38272.0,38.5,2421.7,3.51,41.95,16.98,46000.0,,,428112.15781968605,630,9.0,83.0,4.94,0.003603875791325446,112.5507872662901,27.13783670627496,True
51580,Covington city,1,5.468689969454153,,5671,2493,42724.0,24067.0,41.5,1037.0,1.59,8.35,-10.71,13000.0,,,69985.80151836661,197,5.0,16.0,8.82,0.4230521833934479,70.25801575256217,70.25801575256217,True
51590,Danville city,1,42.80259803417334,,42239,18632,42778.0,27537.0,40.8,986.8,1.75,17.84,-2.89,28000.0,,,961199.5163733822,1227,30.0,135.0,7.1,35.36904310954301,125.18154063118646,36.167559806229065,False
51595,Emporia city,1,6.903920110150731,,5633,2219,49375.0,25570.0,39.5,815.9,4.68,60.01,31.87,13000.0,,,47805.463573900364,218,12.0,23.0,21.3,0.8992829256426529,137.6786453472346,62.76599943335468,True
51600,Fairfax city,1,6.240925946916045,,24478,9158,132774.0,62800.0,37.3,3922.2,2.57,19.0,-1.93,37000.0,,,865068.8576201175,2028,9.0,193.0,3.68,1.1585567476282772,94.56944323242524,31.295558077771474,False
51610,Falls Church city,1,2.046442599040501,,14593,6053,154734.0,85077.0,39.4,7130.9,3.74,23.99,2.18,20000.0,,,136966.0444910221,883,6.0,115.0,4.11,0.6627876278237512,101.62973475966028,35.72489992325019,False
51620,Franklin city,1,8.277341859001357,,8212,3388,65125.0,31838.0,40.5,992.1,0.01,61.3,32.93,12000.0,,,84860.09586636725,263,9.0,26.0,10.96,29.07800484843004,158.85467862026135,56.25685623399984,False
51630,Fredericksburg city,1,10.450433688086951,,28383,11443,85368.0,46503.0,31.0,2716.0,-0.3,34.92,11.19,50000.0,,,845730.122523168,1477,11.0,185.0,3.88,0.884853141553333,78.34448635827337,8.261032670797011,True
51640,Galax city,1,8.236360975893662,,6698,2729,41438.0,31429.0,41.9,813.2,0.9,29.75,6.92,17000.0,,,170260.4450156663,311,8.0,32.0,11.94,9.360638736647626,157.95915092619003,98.9393965655524,False
51650,Hampton city,1,51.46070534768177,,137334,57740,67758.0,36787.0,36.5,2668.7,1.29,24.21,2.36,72000.0,,,2221464.311021814,2362,39.0,254.0,2.84,1.4438871440036294,166.6477235801398,46.438449563535116,True
51660,Harrisonburg city,1,17.335551781423142,,51492,17331,59752.0,27957.0,25.4,2970.3,-3.56,36.13,12.19,30000.0,,,824049.9446176073,1695,21.0,194.0,4.08,0.2419398373019306,6.317056504766619,6.317056504766619,True
51670,Hopewell city,1,10.354361432385469,,22944,9418,48681.0,26626.0,36.4,2215.9,2.39,20.21,-0.94,36000.0,,,249264.4330139873,396,10.0,42.0,4.36,1.6397469803452316,115.42655840360054,21.75620884941087,True
51678,Lexington city,1,2.499239272245252,,7420,2061,89598.0,30839.0,22.5,2968.9,4.36,145.7,102.49,19000.0,,,54771.423406339534,253,,35.0,,1.851211506083721,48.57454116683595,48.57454116683595,False
51680,Lynchburg city,1,48.976453016822504,,79255,28687,59808.0,30004.0,28.4,1618.2,-1.09,37.89,13.64,49000.0,,,2033535.4773390805,2251,25.0,250.0,3.15,25.40506763611711,67.47347078400712,67.47347078400712,False
51683,Manassas city,1,9.84299769495573,,42674,14041,117919.0,44939.0,34.7,4335.5,2.94,50.29,23.85,44000.0,,,771997.6744637492,1506,11.0,131.0,2.58,4.010537178886004,82.76217627351645,22.889629454089313,False
51685,Manassas Park city,1,3.033816243650878,,16923,5165,100668.0,43662.0,35.3,5578.1,3.04,24.79,2.84,17000.0,,,86345.03001784095,337,7.0,13.0,4.14,3.554659336475198,85.36939973441892,24.448176211841798,False
51690,Martinsville city,1,10.955512840682093,,13584,5619,42434.0,28834.0,40.2,1239.9,3.69,27.72,5.26,17000.0,,,286357.5049845148,511,6.0,42.0,4.42,29.82246179476117,126.46471274472253,52.648363626970855,False
51700,Newport News city,1,68.99591943563685,,184774,75798,66718.0,37475.0,34.2,2678.0,2.57,28.59,5.97,71000.0,,,3359875.319545057,3788,57.0,399.0,3.08,1.02666789899952,157.63373660564247,37.875603220389564,True
51710,Norfolk city,1,53.27492873397771,,235037,94457,64017.0,37433.0,32.4,4411.8,-4.3,30.26,7.35,177000.0,177000.0,60.14723938992608,10840694.003863683,5398,62.0,607.0,2.64,0.6767065099665779,177.75270479037678,58.33350092734191,True
51720,Norton city,1,7.47746791682668,,3620,1553,38497.0,27033.0,41.1,484.1,-9.27,37.14,13.02,9900.0,,,52795.06928345905,191,4.0,21.0,11.05,23.547972015961072,85.75210410751424,85.75210410751424,False
51730,Petersburg city,1,22.720463374005963,,33365,14854,50741.0,29590.0,35.8,1468.5,4.83,40.42,15.72,26000.0,,,480945.62089703506,707,21.0,65.0,6.29,0.7093435267001715,115.6366365971157,29.58617218728297,True
51735,Poquoson city,1,15.356707562198093,,12556,4657,120919.0,49935.0,41.4,817.6,4.29,24.88,2.91,12000.0,,,74016.12245298152,223,,25.0,,5.936569914062939,164.14070445625097,43.468250360451115,False
51740,Portsmouth city,1,33.300618120911366,,97299,39678,58972.0,32915.0,35.8,2921.8,2.09,17.42,-3.24,77000.0,77000.0,10.933062007303995,2711523.05566579,1597,32.0,163.0,3.29,1.8945071355812777,175.3755381784377,57.30424314068704,True
51750,Radford city,1,9.676386891501496,,16505,5500,52791.0,25220.0,23.0,1705.7,-6.38,43.68,18.4,23000.0,,,139579.79102477434,289,5.0,41.0,3.03,1.5615286139733997,123.540015731325,100.86666107289487,True
51760,Richmond city,1,59.92501138542493,,227595,102145,62671.0,44249.0,34.5,3798.0,1.7,38.91,14.47,74000.0,,,3668363.0758967553,6530,62.0,680.0,2.72,1.3901262838904578,97.62937077127182,26.271937960447495,True
51770,Roanoke city,1,42.52121295866214,,98677,43429,52671.0,34792.0,38.0,2320.7,-0.95,22.41,0.88,45000.0,,,1904224.9924635754,3151,26.0,267.0,2.63,1.1056336409681968,93.38290136765329,91.2076906120219,True
51775,Salem city,1,14.515112192975636,,25477,10140,66716.0,38127.0,40.3,1755.2,-0.16,16.67,-3.85,26000.0,,,467000.99197542336,994,11.0,80.0,4.32,1.5690376331821814,96.2877329498309,93.97686990465357,True
51790,Staunton city,1,19.920484883348255,,25765,11356,62586.0,35941.0,41.0,1293.4,5.37,30.25,7.34,27000.0,,,279923.0455703853,760,10.0,76.0,3.88,2.468814408783531,15.356743852581005,15.356743852581005,False
51800,Suffolk city,1,399.16706098927995,,96638,37133,90089.0,45135.0,38.7,242.1,8.39,27.49,5.06,87000.0,87000.0,4.538342117802246,4754421.195409245,1798,31.0,167.0,3.21,13.537609416842164,169.97081381092553,58.76591602840159,True
51810,Virginia Beach city,1,244.7187944495137,,457066,179800,90685.0,47372.0,37.4,1867.7,1.54,22.24,0.74,195000.0,195000.0,30.824512518392588,12695367.666417398,11822,100.0,1241.0,2.19,7.156862513360813,193.85711948514282,74.56331335611061,True
51820,Waynesboro city,1,14.969795747429183,,22574,9620,56364.0,32036.0,38.9,1508.0,2.96,23.23,1.56,28000.0,,,347928.84167358093,620,13.0,67.0,5.76,1.3007415768153086,19.885478350977696,19.885478350977696,True
51830,Williamsburg city,1,8.938176166761156,,15564,4973,70206.0,35732.0,24.0,1741.3,5.25,25.0,3.02,20000.0,,,203533.79189867285,553,7.0,122.0,4.5,2.342125824282386,142.68429665689203,22.468572385803625,False
51840,Winchester city,1,9.192899343816364,,27981,11255,64648.0,36073.0,36.7,3043.8,0.69,20.17,-0.97,31000.0,,,399486.71656239306,1373,16.0,132.0,5.72,1.1888321927906216,69.61509908241868,64.99703609497269,True
