geoid,county_name,county_type,latitude,longitude,population,population_change_pct,median_household_income,nominal_income_change_pct,real_income_change_pct,max_interstate_segment_adt,distance_to_interstate_mi,nearest_store_distance_mi,nearest_open_store_distance_mi,gas_stations,gas_stations_per_10k,food_service_establishments,population_density,land_area_sq_mi,corridor,vdot_district,market_attractiveness_score,balanced_rank,highway_rank,growth_rank,affluent_rank,underserved_rank,market_demand_score,growth_score,purchasing_power_score,highway_opportunity_score,accessibility_score,commercial_activity_score,low_competition_score,low_overlap_risk_score,recommendation_status,recommendation_reason,overlap_review_flag,development_status,interstate_access_flag,traffic_data_available_flag
51059,Fairfax County,County,38.836768302800145,-77.27689179589706,1144474,0.08,150113.0,23.92,2.13,254000.0,2.56980997149505,30.589137669139628,95.33554600895249,189.0,1.65,2458.0,2926.9,391.0204471435265,I-95 / I-66 Northern Virginia,Northern Virginia,83.68914009912302,1,1,3,1,1,100.0,36.4375154438541,85.75241817359502,100.0,95.96643147205258,80.55741762018285,92.24798903251624,25.322168676211117,Feasibility constrained,"Population density 2,927 people per sq mi. Assembling an interchange-scale site of roughly 30 acres is a severe constraint.",FALSE,,TRUE,TRUE
51153,Prince William County,County,38.70285426152814,-77.48069284362847,484625,6.1,128873.0,24.58,2.67,206000.0,7.038686717529321,19.77779044782693,81.9826577914098,101.0,2.08,766.0,1445.5,335.25464288226186,I-95 / I-66 Northern Virginia,Northern Virginia,73.47740109698547,2,3,4,4,4,87.03188994047734,60.024821592797664,61.66705629090448,83.2710564931144,88.94224092544849,62.0165268343562,90.21695469005245,16.29230426009041,Overlap constrained,"Centroid 19.8 mi from an existing or planned store, inside the 30 mi screen",FALSE,,TRUE,TRUE
51013,Arlington County,County,38.878558909132785,-77.10105783530156,235463,1.58,140160.0,19.41,-1.59,191000.0,0.8384309828029255,37.25321330490246,105.23609266278042,34.0,1.44,620.0,9057.2,25.997413552321238,I-95 / I-66 Northern Virginia,Northern Virginia,72.71218050351989,3,5,9,2,3,75.72237277697069,40.92698716935119,93.68422951220057,72.9418338851762,98.68781687068825,66.94098702102755,93.22179422386249,30.88814470287001,Feasibility constrained,"Population density 9,057 people per sq mi. Assembling an interchange-scale site of roughly 30 acres is a severe constraint.",FALSE,,TRUE,TRUE
51810,Virginia Beach city,Independent city,36.73339332643818,-76.04338279163179,457066,1.54,90685.0,22.24,0.74,195000.0,7.156862513360813,74.56331335611061,193.85711948514282,100.0,2.19,1241.0,1867.7,244.7187944495137,I-64 / I-264 Hampton Roads,Hampton Roads,72.70482298362288,4,4,14,7,2,86.70657029843491,41.611740956489854,40.29377315330692,77.84213257193076,88.75649194307756,74.53267065870071,89.72978373655738,62.05032439405205,Priority candidate,"Eligible, balanced rank within top 25, and top 25 in at least 4 of 5 scenarios",FALSE,,TRUE,TRUE
51179,Stafford County,County,38.4206578790749,-77.45797518826544,160520,11.46,133792.0,25.31,3.26,260000.0,1.6690806279074277,0.27121202383091797,79.89962182802982,25.0,1.56,196.0,596.3,269.2050006783804,I-95 Fredericksburg / Stafford,Fredericksburg,72.11466843433239,5,2,1,5,8,69.36919236929577,81.06840788168137,64.89263765779394,89.92639532101462,97.38219988542215,44.73222218180854,92.68912492731954,0.0,Reference case,Existing or planned store in county (locally approved),FALSE,locally approved,TRUE,TRUE
51041,Chesterfield County,County,37.3785465144409,-77.58690247435551,371610,9.48,98910.0,23.31,1.62,131000.0,9.053435969326712,33.35424647360796,99.54616451965417,90.0,2.42,600.0,877.5,423.5056395134193,I-95 Richmond South,Richmond,67.91764612445503,6,10,5,9,9,82.73059237133398,72.781137465282,43.93177876820201,65.20507021469894,85.77545350827224,61.01707726216454,88.63122628562202,27.63164566266378,Priority candidate,"Eligible, balanced rank within top 25, and top 25 in at least 4 of 5 scenarios. Nearest existing or planned store is only 33.4 mi away, so trade-area overlap needs review before siting",TRUE,,TRUE,TRUE
51087,Henrico County,County,37.53796801327668,-77.40562848155969,334434,2.7,86397.0,25.99,3.83,160000.0,0.7794666376986279,22.509901783601475,100.42030798672724,93.0,2.78,709.0,1431.0,233.6985867172484,I-95 Richmond North,Richmond,67.45058781183414,7,6,16,10,11,81.03914076715007,47.23235713144826,40.242392256230026,71.9152973397108,98.78049716128609,67.24365734066592,86.94637805964705,18.57422106719811,Overlap constrained,"Centroid 22.5 mi from an existing or planned store, inside the 30 mi screen",FALSE,,TRUE,TRUE
51107,Loudoun County,County,39.090564893180705,-77.63567570003218,427082,10.89,178707.0,31.14,8.08,,18.02155880283585,47.470871586553,86.3174636819825,70.0,1.64,844.0,828.1,515.737212332883,Not in a screened corridor,Northern Virginia,67.00396385341745,8,20,2,3,12,84.34695130775327,80.5844373246565,100.0,32.6011958581149,71.67933781570572,68.7827686623713,92.3061223215526,39.42214763931022,Ineligible: no interstate access,No interstate crosses this jurisdiction,FALSE,,FALSE,FALSE
51177,Spotsylvania County,County,38.18508224977244,-77.65618628116643,143876,9.48,109576.0,28.41,5.83,190000.0,8.252267068255648,19.274232854847636,70.10412063262058,38.0,2.64,217.0,357.9,401.9683155475716,I-95 Fredericksburg / Stafford,Fredericksburg,65.60082707979072,9,8,7,12,15,67.8033610672746,74.29523939501975,49.24959925310157,73.60069369988514,87.03473259358836,48.214996665478544,87.60193963320266,15.871722375406566,Overlap constrained,"Centroid 19.3 mi from an existing or planned store, inside the 30 mi screen",FALSE,,TRUE,TRUE
51550,Chesapeake city,Independent city,36.6777572023492,-76.30225185637454,251153,5.61,94189.0,24.28,2.42,116000.0,5.535959542840731,68.38007061714114,184.85839632796865,73.0,2.91,506.0,742.1,338.4564004374053,I-64 / I-264 Hampton Roads,Hampton Roads,65.57989457884374,10,11,12,17,5,76.86748833380813,58.031808577774584,39.496394174417816,58.02989423291155,91.3042308872302,60.725367582368726,86.35595964743933,56.8859501082285,Priority candidate,"Eligible, balanced rank within top 25, and top 25 in at least 4 of 5 scenarios",FALSE,,TRUE,TRUE
51710,Norfolk city,Independent city,36.8947056441924,-76.25695723598537,235037,-4.3,64017.0,30.26,7.35,177000.0,0.6767065099665779,58.33350092734191,177.75270479037678,62.0,2.64,607.0,4411.8,53.27492873397771,I-64 / I-264 Hampton Roads,Hampton Roads,64.22931951502316,11,7,34,22,6,76.68335539626588,21.300786456664316,20.038369375027123,72.72875473784171,98.94201576177642,64.7392881891334,87.61733968127004,48.49484395938908,Feasibility constrained,"Population density 4,412 people per sq mi. Assembling an interchange-scale site of roughly 30 acres is a severe constraint.",FALSE,,TRUE,TRUE
51085,Hanover County,County,37.76010847933636,-77.49067027183683,111652,6.9,109504.0,23.52,1.79,131000.0,1.6505414500475242,32.487150563799425,88.4438670715693,48.0,4.3,216.0,238.8,467.57312134645105,I-95 Richmond North,Richmond,62.6624166679028,12,12,13,13,18,64.11995969284791,62.81861274760016,52.539762126554734,60.60484249107223,97.41133980698764,54.057275454601736,79.81943897108873,26.907428935454348,Priority candidate,"Eligible, balanced rank within top 25, and top 25 in at least 4 of 5 scenarios. Nearest existing or planned store is only 32.5 mi away, so trade-area overlap needs review before siting",TRUE,,TRUE,TRUE
51199,York County,County,37.24309561125934,-76.56337056932863,70590,4.44,108326.0,19.87,-1.21,170000.0,2.458503262424226,29.708312117515955,150.3878895341165,14.0,1.98,148.0,674.2,104.70132234113629,I-64 / I-264 Hampton Roads,Hampton Roads,62.562284327970296,13,9,20,15,14,57.126023726463956,52.176393714519214,51.725486842120866,71.37852101972244,96.14138360836351,46.42376397146684,90.69013552438967,24.586484663608402,Overlap constrained,"Centroid 29.7 mi from an existing or planned store, inside the 30 mi screen",FALSE,,TRUE,TRUE
51069,Frederick County,County,39.204517293710865,-78.26260521870354,93355,9.63,95603.0,30.52,7.56,72000.0,6.246328965012425,68.76483501174012,68.76483501174012,30.0,3.21,117.0,226.0,413.1346482749632,I-81 Winchester / Frederick,Staunton,58.831178645788114,14,14,11,20,13,61.295645223531366,75.50450324248288,41.21247677883401,44.72001514417007,90.1876706275983,40.42399069430733,84.9151089925553,57.20731341700563,Priority candidate,"Eligible, balanced rank within top 25, and top 25 in at least 4 of 5 scenarios",FALSE,,TRUE,TRUE
51161,Roanoke County,County,37.2692562185265,-80.06799304556009,96793,3.43,82931.0,26.68,4.39,78000.0,2.1476983681287933,93.22995593499758,97.64344967406596,26.0,2.69,139.0,386.3,250.54751155433527,I-81 Roanoke / Salem,Salem,58.69281351016827,15,13,22,23,7,61.430274901379356,50.27370046668745,34.642677458911315,45.656095407818384,96.62990744207309,44.607147014741884,87.39078927883904,77.64109658378004,Priority candidate,"Eligible, balanced rank within top 25, and top 25 in at least 4 of 5 scenarios",FALSE,,TRUE,TRUE
51003,Albemarle County,County,38.022742625910794,-78.55678709151258,113683,6.89,102617.0,36.11,12.17,55000.0,0.044072076981192594,30.514987039900056,30.514987039900056,31.0,2.73,186.0,157.8,720.4718479413874,I-64 Charlottesville,Culpeper,58.34989126479934,16,18,15,18,23,63.58105998402557,66.51751024930815,53.39349536730377,40.895289990571634,99.93639199011515,49.906317739183564,87.19956663118789,25.26023651228214,Priority candidate,"Eligible, balanced rank within top 25, and top 25 in at least 4 of 5 scenarios. Nearest existing or planned store is only 30.5 mi away, so trade-area overlap needs review before siting",TRUE,,TRUE,TRUE
51800,Suffolk city,Independent city,36.695234448715404,-76.63994222019359,96638,8.39,90089.0,27.49,5.06,87000.0,13.537609416842164,58.76591602840159,169.97081381092553,31.0,3.21,167.0,242.1,399.16706098927995,I-64 / I-264 Hampton Roads,Hampton Roads,57.38374276149298,17,15,17,24,19,61.97920656256121,69.78679394907542,38.40680565950103,46.96453182362548,78.72721957178639,45.198490463300026,84.9418275764537,48.85600613965415,Priority candidate,"Eligible, balanced rank within top 25, and top 25 in at least 4 of 5 scenarios",FALSE,,TRUE,TRUE
51075,Goochland County,County,37.72210173502301,-77.91564491314162,25613,13.93,118695.0,32.26,9.0,81000.0,3.8815971508132923,52.63036935188091,70.36652838803471,13.0,5.08,34.0,90.8,282.028868427986,I-64 Richmond West,Richmond,56.897858743650936,18,16,6,14,24,39.93195622582117,92.72919601374709,69.00503180874239,44.55147974621739,93.90456142555813,32.167684591526935,76.1745337654056,43.731468607593015,Priority candidate,"Eligible, balanced rank within top 25, and top 25 in at least 4 of 5 scenarios",FALSE,,TRUE,TRUE
51061,Fauquier County,County,38.73842160489501,-77.80893486602362,73935,6.97,129495.0,32.86,9.49,56000.0,7.501334836295759,29.221606735773626,66.11496131554205,30.0,4.06,119.0,114.1,647.9937217867282,I-66 Piedmont,Culpeper,56.31099422149749,19,23,19,16,29,57.82018538861266,65.86349005751475,65.52018150168402,41.43862883594986,88.2150495691133,45.42464664299638,80.95286400216406,24.179978099924487,Overlap constrained,"Centroid 29.2 mi from an existing or planned store, inside the 30 mi screen",FALSE,,TRUE,TRUE
51095,James City County,County,37.32881884572642,-76.77883759238378,80046,7.95,107046.0,28.9,6.22,76000.0,3.0288170839480832,16.79209523719586,137.17906594138748,15.0,1.87,134.0,562.5,142.298215010797,I-64 / I-264 Hampton Roads,Hampton Roads,55.99673477896212,20,21,18,19,28,57.81019002447995,68.49573083273661,53.01769488878398,41.539022621436345,95.24496305765118,44.98945913688956,91.20349549009319,13.798588871252308,Overlap constrained,"Centroid 16.8 mi from an existing or planned store, inside the 30 mi screen",FALSE,,TRUE,TRUE
51121,Montgomery County,County,37.17423215870897,-80.3872732362802,99159,1.19,70769.0,29.52,6.74,53000.0,2.9381433251107594,97.2817220332677,114.3166908568718,32.0,3.23,190.0,256.3,386.84698165275336,I-81 New River Valley,Salem,55.55622857537241,21,19,30,29,10,61.80223641090406,42.41308424363141,22.361799589439734,39.717983447755486,95.38748427625839,48.09312425678287,84.85126581214682,81.02521678307295,Secondary candidate,"Eligible, balanced rank within top 45",FALSE,,TRUE,TRUE
51510,Alexandria city,Independent city,38.81849082354476,-77.08613397192761,156788,0.18,113638.0,17.48,-3.19,,1.1481112107258205,34.25052223289059,104.69345160817919,25.0,1.59,385.0,10497.8,14.935331882655525,I-95 / I-66 Northern Virginia,Northern Virginia,54.75431910283182,22,39,31,8,26,69.99246888378354,34.914151510396394,73.39420757656194,19.505727652899452,98.20106079011913,61.61300974935068,92.51510532268627,28.380234013412828,Traffic data unavailable,"An interstate crosses this jurisdiction but the VDOT extract holds no mainline traffic record for it, so highway exposure could not be measured",FALSE,,TRUE,FALSE
51149,Prince George County,County,37.18645622361585,-77.22435223999155,42873,13.14,88225.0,31.68,8.52,112000.0,4.370617944172132,24.778250319337825,123.25070100909697,14.0,3.27,36.0,161.6,265.34185167006234,I-95 Richmond South,Richmond,53.89712364454848,23,17,10,30,36,49.092084497036176,89.48737326520299,29.51428462110299,50.878871774000515,93.135917439829,22.597172257615018,84.67139380651382,20.46879343703438,Overlap constrained,"Centroid 24.8 mi from an existing or planned store, inside the 30 mi screen",FALSE,,TRUE,TRUE
51760,Richmond city,Independent city,37.52943821192442,-77.47555430944371,227595,1.7,62671.0,38.91,14.47,,1.3901262838904578,26.271937960447495,97.62937077127182,62.0,2.72,680.0,3798.0,59.92501138542493,I-95 Richmond North,Richmond,53.49416346582608,24,35,29,28,35,75.42236314058896,47.182473457613625,24.225071541970816,25.125885463695898,97.82066095238197,70.3573896420353,87.21244608478511,21.71635274700332,Overlap constrained,"Centroid 26.3 mi from an existing or planned store, inside the 30 mi screen",FALSE,,TRUE,FALSE
51127,New Kent County,County,37.505249885693274,-76.99730659376743,24139,14.39,120125.0,50.73,24.21,72000.0,0.8850280617424316,0.544956441795801,120.63234285471832,11.0,4.56,32.0,114.9,210.03428426141633,I-64 Richmond East / New Kent,Richmond,52.72300918017544,25,26,8,21,63,39.7540205127341,100.0,57.86025650456825,42.19669065377422,98.61457547693608,26.627294925355514,78.60895922228205,0.2286370910389316,Reference case,Existing or planned store in county (announced),FALSE,announced,TRUE,TRUE
51740,Portsmouth city,Independent city,36.84526090151264,-76.35537246126195,97299,2.09,58972.0,17.42,-3.24,77000.0,1.8945071355812777,57.30424314068704,175.3755381784377,32.0,3.29,163.0,2921.8,33.300618120911366,I-64 / I-264 Hampton Roads,Hampton Roads,52.34080205060843,26,24,40,46,22,61.801695582033084,42.31785090089899,14.328811248621067,41.419938504191954,97.02787399233016,43.432599087730964,84.56167757804978,47.635186224559476,Feasibility constrained,"Population density 2,922 people per sq mi. Assembling an interchange-scale site of roughly 30 acres is a severe constraint.",FALSE,,TRUE,TRUE
51700,Newport News city,Independent city,37.1049361462107,-76.51807635270906,184774,2.57,66718.0,28.59,5.97,,1.02666789899952,37.875603220389564,157.63373660564247,57.0,3.08,399.0,2678.0,68.99591943563685,I-64 / I-264 Hampton Roads,Hampton Roads,51.82824371179241,27,38,33,36,32,72.28603377114354,47.499123119757726,21.40320578699819,24.624627612976095,98.39194566134167,57.159141217716524,85.5192018357561,31.4079778407541,Traffic data unavailable,"An interstate crosses this jurisdiction but the VDOT extract holds no mainline traffic record for it, so highway exposure could not be measured",FALSE,,TRUE,FALSE
51165,Rockingham County,County,38.51190400170715,-78.87553598684276,84739,6.67,78468.0,31.18,8.11,59000.0,4.057322870813084,11.199758484542118,11.199758484542118,25.0,2.95,92.0,99.7,849.7934655439284,I-81 Harrisonburg / Rockingham,Staunton,51.80629790224492,28,27,23,32,43,60.12711719272046,64.1990445001442,28.303907654655177,40.623994512640074,93.62835534260607,38.65830970148688,86.15110319136801,9.127751683986332,Reference case,Existing or planned store in county (open),FALSE,open,TRUE,TRUE
51600,Fairfax city,Independent city,38.8530760630972,-77.29978189210362,24478,2.57,132774.0,19.0,-1.93,,1.1585567476282772,31.295558077771474,94.56944323242524,9.0,3.68,193.0,3922.2,6.240925946916045,I-95 / I-66 Northern Virginia,Northern Virginia,51.78071701229282,29,44,36,11,45,39.598962627001114,44.65201772638811,72.07815947169922,16.881927055069582,98.18464247166146,100.0,82.74062423400606,25.912185847998114,Ineligible: no interstate access,No interstate crosses this jurisdiction,FALSE,,FALSE,FALSE
51191,Washington County,County,36.72448796285177,-81.96000013325386,53913,-0.91,62774.0,35.69,11.83,63000.0,1.2861142517420179,105.67423846550595,105.67423846550595,39.0,7.23,89.0,96.1,561.1931885708306,I-81 Bristol / Southwest,Bristol,51.734302663467545,30,22,49,39,16,52.10347204562147,36.08507271462522,20.241942543320445,41.25311433254376,97.98414729905701,40.13378450283185,66.0429766475618,88.03482288875634,Secondary candidate,"Eligible, balanced rank within top 45",FALSE,,TRUE,TRUE
51015,Augusta County,County,38.164335676565074,-79.13383110717469,77713,4.03,79972.0,30.45,7.5,69000.0,5.473922045862954,17.327264102787133,17.327264102787133,28.0,3.6,76.0,80.4,967.0734981385931,I-81 Harrisonburg / Rockingham,Staunton,51.17505408926949,31,25,28,37,42,58.72781434558373,53.724313501270274,28.171671211029125,44.70808102456412,91.40174156487262,36.22761813503713,83.08691381536336,14.245573155180576,Overlap constrained,"Centroid 17.3 mi from an existing or planned store, inside the 30 mi screen",FALSE,,TRUE,TRUE
51770,Roanoke city,Independent city,37.278479009502156,-79.95802829000719,98677,-0.95,52671.0,22.41,0.88,,1.1056336409681968,91.2076906120219,93.38290136765329,26.0,2.63,267.0,2320.7,42.52121295866214,I-81 Roanoke / Salem,Salem,50.246997910339836,32,40,58,48,17,61.82014313803454,31.987045700180502,12.55074929014715,21.384381453737173,98.26782713004984,59.875424634207306,87.6315318328148,75.9520580850539,Traffic data unavailable,"An interstate crosses this jurisdiction but the VDOT extract holds no mainline traffic record for it, so highway exposure could not be measured",FALSE,,TRUE,FALSE
51610,Falls Church city,Independent city,38.88468317599331,-77.17510982476391,14593,3.74,154734.0,23.99,2.18,,0.6627876278237512,35.72489992325019,101.62973475966028,6.0,4.11,115.0,7130.9,2.046442599040501,I-95 / I-66 Northern Virginia,Northern Virginia,49.99795969604867,33,56,27,6,56,31.05176948330817,50.67962457380973,98.78945256805888,6.364636511697518,98.96389349211519,90.79800925759866,80.69965051737134,29.611665246687373,Ineligible: no interstate access,No interstate crosses this jurisdiction,FALSE,,FALSE,FALSE
51187,Warren County,County,38.90867051273769,-78.2085443588707,41104,4.2,84331.0,23.67,1.92,56000.0,3.395683495999815,52.92543726038261,54.53143611405752,16.0,3.89,75.0,191.6,214.57181281342017,I-81 Winchester / Frederick,Staunton,49.74752885903569,34,31,35,34,33,48.26111409623118,52.37200203853863,31.78747929535713,35.86423463515283,94.66832160391516,38.1854965865406,81.72765018814066,43.977915526073836,Secondary candidate,"Eligible, balanced rank within top 45",FALSE,,TRUE,TRUE
51650,Hampton city,Independent city,37.05542257566608,-76.36321000028343,137334,1.29,67758.0,24.21,2.36,,1.4438871440036294,46.438449563535116,166.6477235801398,39.0,2.84,254.0,2668.7,51.46070534768177,I-64 / I-264 Hampton Roads,Hampton Roads,49.46233711501607,35,43,46,44,34,67.69631683129822,41.225197796566576,21.427463510026016,22.26368584107099,97.73615951122692,49.260659616518026,86.66954286629677,38.55984706776899,Traffic data unavailable,"An interstate crosses this jurisdiction but the VDOT extract holds no mainline traffic record for it, so highway exposure could not be measured",FALSE,,TRUE,FALSE
51109,Louisa County,County,37.978568848625095,-77.9628498047551,39012,10.27,80343.0,35.39,11.57,41000.0,7.144476223232433,40.8585755635101,58.58096224910609,20.0,5.13,46.0,78.8,495.0778564901033,I-64 Richmond West,Culpeper,48.52705675333078,36,42,21,41,47,47.47675521911844,79.43711162401907,31.922809746579873,31.218248126056515,88.77596074183208,29.759924053869526,75.93475511808332,33.899419033422205,Secondary candidate,"Eligible, balanced rank within top 45",FALSE,,TRUE,TRUE
51171,Shenandoah County,County,38.85823085116827,-78.57111518666056,44630,3.68,64437.0,17.33,-3.31,62000.0,1.2827424378714758,39.73760518411464,39.73760518411464,25.0,5.6,86.0,87.8,508.07929957226145,I-81 Winchester / Frederick,Staunton,48.483348685580225,37,30,42,51,44,49.42500674031633,48.4692490694608,18.77029131396594,40.47606813416119,97.98944712370208,39.56312447214904,73.70509373366197,32.963161013656254,Secondary candidate,"Eligible, balanced rank within top 45. Nearest existing or planned store is only 39.7 mi away, so trade-area overlap needs review before siting",TRUE,,TRUE,TRUE
51019,Bedford County,County,37.315039393010224,-79.52433705109955,80254,3.01,77644.0,26.17,3.97,,17.46592373136834,78.91222075722267,78.91222075722267,25.0,3.12,110.0,105.6,760.1041665571989,I-81 Roanoke / Salem,Salem,48.12433596303024,38,45,43,42,27,58.457820726007995,48.490334677462165,30.091990337493016,23.07287448480137,72.55268627397933,42.21568571596071,85.3771566941627,65.68262325435427,Ineligible: no interstate access,No interstate crosses this jurisdiction,FALSE,,FALSE,FALSE
51033,Caroline County,County,38.02663354350289,-77.34721366811937,31541,4.5,86267.0,33.3,9.86,104000.0,8.266341776638694,27.57647503343668,88.94605432709196,26.0,8.24,34.0,59.8,527.3626977472132,I-95 Fredericksburg / Stafford,Fredericksburg,47.68209783121248,39,28,38,45,70,44.65608174062938,56.396665309912166,32.04173275191609,50.13966563509349,87.01260993521383,23.625548760076335,61.304862454160194,22.80592952719159,Overlap constrained,"Centroid 27.6 mi from an existing or planned store, inside the 30 mi screen",FALSE,,TRUE,TRUE
51023,Botetourt County,County,37.557021281491565,-79.8124506938858,33875,1.97,80467.0,17.62,-3.06,42000.0,5.085371707527043,73.36696595286129,73.36696595286129,17.0,5.02,42.0,62.6,541.2762199198402,I-81 Roanoke / Salem,Salem,47.589024028162854,40,33,51,43,30,45.01625682577564,41.91095441966279,30.936968766799975,34.47296952608035,92.01246586283875,31.69466252153609,76.44255842558425,61.05110989980072,Secondary candidate,"Eligible, balanced rank within top 45",FALSE,,TRUE,TRUE
51683,Manassas city,Independent city,38.747892933949444,-77.4838482435972,42674,2.94,117919.0,50.29,23.85,,4.010537178886004,22.889629454089313,82.76217627351645,11.0,2.58,131.0,4335.5,9.84299769495573,I-95 / I-66 Northern Virginia,Northern Virginia,47.55244356192921,41,48,32,25,58,49.42423531074283,55.37915355755253,52.021947945243284,16.232383798364086,93.70189319867742,54.898529155454774,87.89993126181437,18.89137759814321,Overlap constrained,"Centroid 22.9 mi from an existing or planned store, inside the 30 mi screen",FALSE,,FALSE,FALSE
51155,Pulaski County,County,37.063499121426894,-80.71441914004045,33771,-1.35,60767.0,15.44,-4.86,47000.0,0.3516429629804649,104.3028747273504,132.6290562993992,20.0,5.92,56.0,105.6,319.838901072227,I-81 New River Valley,Salem,47.06998704087613,42,32,61,54,21,44.851638045314964,28.36352963787081,17.16287068322033,33.39138352717035,99.45295137793806,33.22170013223659,72.20001381856227,86.88943107335726,Secondary candidate,"Eligible, balanced rank within top 45",FALSE,,TRUE,TRUE
51540,Charlottesville city,Independent city,38.037491026418785,-78.48551448647301,45863,-2.51,69829.0,18.49,-2.35,,1.8710667542380826,32.510192378921175,32.510192378921175,16.0,3.49,291.0,4476.5,10.245312669237533,I-64 Charlottesville,Culpeper,46.57818769959279,43,47,68,33,55,49.90639335991008,24.761716035896068,30.71414914009829,17.46514363030064,97.06471763658277,86.8528747944678,83.62369084737878,26.92667394370277,Traffic data unavailable,"An interstate crosses this jurisdiction but the VDOT extract holds no mainline traffic record for it, so highway exposure could not be measured",FALSE,,TRUE,FALSE
51197,Wythe County,County,36.917127660077234,-81.0788016112478,28219,-2.49,55359.0,15.23,-5.04,61000.0,2.571947272972624,114.89408400061575,154.4626272057094,29.0,10.28,58.0,61.1,461.9521198669843,I-81 New River Valley,Bristol,46.450175168670896,44,29,69,62,25,42.176615696312865,23.871590503039265,13.005115213158275,39.67549775550144,95.96307205677059,37.49905623960299,51.75915754160908,95.73543164873553,Secondary candidate,"Eligible, balanced rank within top 45",FALSE,,TRUE,TRUE
51145,Powhatan County,County,37.55019850472224,-77.91523835095948,31074,8.75,110667.0,31.88,8.68,,12.963280811940582,50.4647061784187,78.34412414713664,13.0,4.18,34.0,119.4,260.20246166789235,Not in a screened corridor,Richmond,46.36784645489229,45,49,25,27,50,43.72292394558715,72.48892822207644,51.18332152598116,20.52464063012846,79.62995056806504,29.905571191632312,80.36166355581301,41.92266121041694,Ineligible: no interstate access,No interstate crosses this jurisdiction,FALSE,,FALSE,FALSE
51093,Isle of Wight County,County,36.89113585486515,-76.72605184112004,39444,8.45,96118.0,34.66,10.98,,16.236998948926747,44.439914706606665,157.4021770028039,18.0,4.56,62.0,124.9,315.68541327934116,I-64 / I-264 Hampton Roads,Hampton Roads,45.773748593669254,46,54,26,38,61,47.80824451264399,72.1485796463981,43.19394997201352,20.502789656875436,74.48431301821076,34.43534029889228,78.57849102525098,36.890628753017296,Ineligible: no interstate access,No interstate crosses this jurisdiction,FALSE,,FALSE,FALSE
51053,Dinwiddie County,County,37.075916122411805,-77.63233854938537,28083,-0.79,83898.0,50.14,23.73,62000.0,2.0720847862353695,45.42332642524563,113.23289895997421,12.0,4.27,18.0,55.7,503.8856509772527,I-95 Richmond South,Richmond,45.52236936620859,47,34,59,50,46,42.41902867649223,40.841301209715965,30.235913856957772,38.09711882112649,96.7487570405996,19.07666972222633,79.94160168073212,37.71199488831527,Watchlist,Eligible but outside the screened ranking cutoffs,FALSE,,TRUE,TRUE
51630,Fredericksburg city,Independent city,38.29920308737317,-77.48716213683906,28383,-0.3,85368.0,34.92,11.19,,0.884853141553333,8.261032670797011,78.34448635827337,11.0,3.88,185.0,2716.0,10.450433688086951,I-95 Fredericksburg / Stafford,Fredericksburg,45.240183129425255,48,55,60,31,78,42.817751393295254,38.22669423463514,37.0473109159678,16.752912654440838,98.61485041688374,84.63463272085521,81.80747865506346,6.673266122560594,Overlap constrained,"Centroid 8.3 mi from an existing or planned store, inside the 30 mi screen",FALSE,,TRUE,FALSE
51680,Lynchburg city,Independent city,37.400283032940834,-79.19086755767161,79255,-1.09,59808.0,37.89,13.64,,25.40506763611711,67.47347078400712,67.47347078400712,25.0,3.15,250.0,1618.2,48.976453016822504,Not in a screened corridor,Lynchburg,44.55878227780478,49,59,67,66,40,58.17598286276691,36.03880518228107,12.669808920205114,21.759295090376174,60.07392198195601,60.06390098744073,85.19283746556474,56.12873887402268,Ineligible: no interstate access,No interstate crosses this jurisdiction,FALSE,,FALSE,FALSE
51173,Smyth County,County,36.84373677482819,-81.5369889402897,29585,-4.75,46859.0,15.92,-4.47,36000.0,1.4783207667886085,130.37189731416453,130.37189731416453,15.0,5.07,50.0,65.5,451.4396912997088,I-81 Bristol / Southwest,Bristol,44.183256992222795,50,37,89,71,20,42.15198417349814,15.29496423639272,5.817888729088967,30.338519884476355,97.68203666528666,30.73746293464134,76.19993239817475,99.99999999999999,Watchlist,Eligible but outside the screened ranking cutoffs,FALSE,,TRUE,TRUE
51043,Clarke County,County,39.11227459409947,-77.99671134672785,15060,4.84,114185.0,46.51,20.74,,9.04932969923821,56.12667412984704,72.53763819940964,7.0,4.65,23.0,85.6,175.9582328510682,I-81 Winchester / Frederick,Staunton,43.89268163542799,51,52,37,26,57,32.29579961453612,61.639593101915494,57.16964304535173,19.954743413382083,85.78190775285687,26.232599638928964,78.18116423196105,46.65165583830485,Ineligible: no interstate access,No interstate crosses this jurisdiction,FALSE,,FALSE,FALSE
51047,Culpeper County,County,38.485993035982915,-77.95580103398275,53563,6.17,96098.0,31.43,8.31,,26.14462363453757,27.429391826883666,53.48589898723396,20.0,3.73,85.0,141.3,379.18171712093107,I-66 Piedmont,Culpeper,43.89243715172683,52,63,41,47,72,52.57720801551643,62.33046090172266,37.93775457543351,22.764248804239173,58.9114861959614,38.81305482505587,82.47235342805045,22.68308254190156,Overlap constrained,"Centroid 27.4 mi from an existing or planned store, inside the 30 mi screen",FALSE,,FALSE,FALSE
51775,Salem city,Independent city,37.28642488034812,-80.05545010216674,25477,-0.16,66716.0,16.67,-3.85,,1.5690376331821814,93.97686990465357,96.2877329498309,11.0,4.32,80.0,1755.2,14.515112192975636,I-81 Roanoke / Salem,Salem,43.775426932384775,53,51,64,55,31,41.07934150416318,33.352569586775054,21.86634139707372,13.364071504495879,97.53944769012533,50.92906801621857,79.73237299001715,78.26493482876809,Traffic data unavailable,"An interstate crosses this jurisdiction but the VDOT extract holds no mainline traffic record for it, so highway exposure could not be measured",FALSE,,TRUE,FALSE
51035,Carroll County,County,36.731553805938866,-80.73393851720816,29158,-1.95,52575.0,20.77,-0.47,46000.0,0.9999249146540794,91.87091476873829,149.8799301586317,22.0,7.55,31.0,61.4,474.7444191319032,Not in a screened corridor,Salem,43.771515261855825,54,36,71,70,37,42.544176492233845,27.614549458310254,9.053692971418913,35.21237577163966,98.43398034444049,23.6776043735971,64.58204723689326,76.50599683940628,Watchlist,Eligible but outside the screened ranking cutoffs,FALSE,,TRUE,TRUE
51840,Winchester city,Independent city,39.17352305232503,-78.17462936781554,27981,0.69,64648.0,20.17,-0.97,,1.1888321927906216,64.99703609497269,69.61509908241868,16.0,5.72,132.0,3043.8,9.192899343816364,I-81 Winchester / Frederick,Staunton,43.46042387537316,55,61,62,58,52,42.301706013101324,37.69442642452706,19.38212242891734,12.473015474378355,98.13705545868504,68.1909251133353,73.15797624578583,54.060368575705326,Traffic data unavailable,"An interstate crosses this jurisdiction but the VDOT extract holds no mainline traffic record for it, so highway exposure could not be measured",FALSE,,TRUE,FALSE
51073,Gloucester County,County,37.415886060717796,-76.54336302335959,39228,5.56,83689.0,25.47,3.4,,10.641448749760201,25.67346210758199,145.51719418256715,19.0,4.84,67.0,180.1,217.8097697625399,Not in a screened corridor,Fredericksburg,43.27822971964154,56,60,44,52,74,47.975315127576465,58.19081859992154,32.246090990062676,20.903746248964254,83.27941143906412,36.9956842110301,77.26390163488664,21.216493136811135,Overlap constrained,"Centroid 25.7 mi from an existing or planned store, inside the 30 mi screen",FALSE,,FALSE,FALSE
51163,Rockbridge County,County,37.81434442945452,-79.44743252994338,22578,0.31,63975.0,16.73,-3.8,49000.0,0.35561698715991263,46.91517240384736,46.91517240384736,17.0,7.53,29.0,37.8,596.5483960463276,I-81 Roanoke / Salem,Staunton,42.9567635923957,57,41,65,64,67,38.4736998812607,35.196618575031025,20.235436456351888,37.50483020140571,99.4467049977715,26.269270679804006,64.65549059556501,38.958016003052236,Watchlist,Eligible but outside the screened ranking cutoffs,FALSE,,TRUE,TRUE
51067,Franklin County,County,36.99190993317317,-79.88113862711005,54958,-2.27,68348.0,29.84,7.0,,17.166144058004196,71.46224648022745,107.73094122418347,28.0,5.09,76.0,79.6,690.6100293904265,Not in a screened corridor,Salem,42.41897446781458,58,58,75,63,48,52.218209420721834,29.063881091391735,22.726327534591444,22.077925520125348,73.02388064056755,38.086115716865294,76.08416123827892,59.460248165684646,Ineligible: no interstate access,No interstate crosses this jurisdiction,FALSE,,FALSE,FALSE
51570,Colonial Heights city,Independent city,37.26498984012098,-77.3968775029313,18210,3.51,76250.0,41.95,16.98,,0.003603875791325446,27.13783670627496,112.5507872662901,9.0,4.94,83.0,2421.7,7.519478534391208,I-95 Richmond South,Richmond,41.78236658187832,59,65,52,56,81,35.60375225932462,55.117948458961365,26.68163136435934,12.86792370826101,100.0,58.21721858137343,76.79983525535421,22.439569577695544,Overlap constrained,"Centroid 27.1 mi from an existing or planned store, inside the 30 mi screen",FALSE,,TRUE,FALSE
51830,Williamsburg city,Independent city,37.269260873642466,-76.70760281532237,15564,5.25,70206.0,25.0,3.02,,2.342125824282386,22.468572385803625,142.68429665689203,7.0,4.5,122.0,1741.3,8.938176166761156,Not in a screened corridor,Hampton Roads,41.758093311672795,60,77,54,60,84,31.307611580748613,56.8467450618245,21.88636162392398,8.62492752719189,96.3243059280626,85.2754188915901,78.8877109569091,18.539701885557285,Overlap constrained,"Centroid 22.5 mi from an existing or planned store, inside the 30 mi screen",FALSE,,FALSE,FALSE
51137,Orange County,County,38.24612232296034,-78.01421181089513,37208,4.48,94175.0,37.52,13.33,,21.362773118328153,32.440231316891364,50.187129544148995,18.0,4.84,70.0,109.3,340.5149886520471,Not in a screened corridor,Culpeper,41.74661522545775,61,73,50,49,80,46.41287011089736,57.57179826483725,40.34511463760014,18.269860067085634,66.42760962027356,36.501678140773706,77.29117394108793,26.868240994357507,Ineligible: no interstate access,No interstate crosses this jurisdiction,FALSE,,FALSE,FALSE
51065,Fluvanna County,County,37.84185439857606,-78.27737194986625,27764,5.64,91959.0,22.72,1.14,,9.862796606899,50.07305441568293,50.07305441568293,7.0,2.52,20.0,96.7,287.11730530049755,I-64 Charlottesville,Culpeper,41.44672968344727,62,68,47,53,64,42.003129024735564,57.68523977378874,37.80198527050549,13.094106400549977,84.50329863305134,20.4149677193444,88.16482975555874,41.59554542702346,Traffic data unavailable,"An interstate crosses this jurisdiction but the VDOT extract holds no mainline traffic record for it, so highway exposure could not be measured",FALSE,,TRUE,FALSE
51099,King George County,County,38.27333700492784,-77.15720226416028,27468,6.1,110517.0,26.56,4.3,,17.361872771510154,19.100329071333025,96.36072149784998,13.0,4.73,34.0,152.9,179.6278659131161,Not in a screened corridor,Fredericksburg,41.294163241777724,63,70,45,40,91,42.203638874452196,60.6126494008135,49.86345388423532,19.38664253569652,72.71623380731631,26.742898981045332,77.783542061065,15.726474280563057,Overlap constrained,"Centroid 19.1 mi from an existing or planned store, inside the 30 mi screen",FALSE,,FALSE,FALSE
51678,Lexington city,Independent city,37.7825351952831,-79.44398690137812,7420,4.36,89598.0,145.7,102.49,,1.851211506083721,48.57454116683595,48.57454116683595,,,35.0,2968.9,2.499239272245252,I-81 Roanoke / Salem,Staunton,41.09625137798352,64,81,24,61,62,19.510727210372387,89.22229911165647,27.987573154182698,1.1343723394484866,97.09592616040482,49.54136333318407,100.00000000000001,40.34395566805484,Ineligible: no interstate access,No interstate crosses this jurisdiction,FALSE,,FALSE,FALSE
51660,Harrisonburg city,Independent city,38.436158623660695,-78.87351691369538,51492,-3.56,59752.0,36.13,12.19,,0.2419398373019306,6.317056504766619,6.317056504766619,21.0,4.08,194.0,2970.3,17.335551781423142,I-81 Harrisonburg / Rockingham,Staunton,40.84864870324485,65,64,82,69,88,51.77687026782573,25.918838425771998,11.184981232672822,16.6047227615875,99.62538299825697,62.26270165468462,80.8557640021751,5.049616373080692,Overlap constrained,"Centroid 6.3 mi from an existing or planned store, inside the 30 mi screen",FALSE,,TRUE,FALSE
51031,Campbell County,County,37.205325197320356,-79.09657053716934,55398,0.41,62608.0,24.57,2.66,,39.1780092886079,79.60509606108509,79.90724777310032,28.0,5.05,77.0,110.1,503.20732392509797,Not in a screened corridor,Lynchburg,40.7144769213673,66,69,76,74,54,53.09266706724895,37.91274004483901,16.789304502866614,25.192153840586833,38.42558123498708,37.94984420336897,76.27411338556145,66.2613272699669,Ineligible: no interstate access,No interstate crosses this jurisdiction,FALSE,,FALSE,FALSE
51790,Staunton city,Independent city,38.15929201420709,-79.06113839706859,25765,5.37,62586.0,30.25,7.34,,2.468814408783531,15.356743852581005,15.356743852581005,10.0,3.88,76.0,1293.4,19.920484883348255,I-81 Harrisonburg / Rockingham,Staunton,39.87324179899413,67,78,55,68,92,41.12786376548947,58.87165242876086,18.26903836607551,10.443451700027081,96.12517652526462,46.31674923698977,81.78083964033897,12.59975322873286,Overlap constrained,"Centroid 15.4 mi from an existing or planned store, inside the 30 mi screen",FALSE,,FALSE,FALSE
51117,Mecklenburg County,County,36.68039958821013,-78.36281822006478,30431,-1.35,51691.0,23.0,1.37,28000.0,12.709787716549863,67.82908323860201,119.65369715536437,33.0,10.84,57.0,48.7,625.3095771122655,I-95 / I-85 Southside,Richmond,39.767529817167045,68,53,83,75,77,42.54804443870349,30.607963086658533,10.800731781444474,29.82697802113229,80.02839158701975,37.4337413396031,49.09549472577306,56.42575386983611,Watchlist,Eligible but outside the screened ranking cutoffs,FALSE,,TRUE,TRUE
51730,Petersburg city,Independent city,37.20428464148818,-77.391331411692,33365,4.83,50741.0,40.42,15.72,,0.7093435267001715,29.58617218728297,115.6366365971157,21.0,6.29,65.0,1468.5,22.720463374005963,I-95 Richmond South,Richmond,39.73955700237606,69,71,53,79,85,44.481825861739146,59.792721182544796,7.89384166799656,13.53196931024406,98.89071682527903,36.820248786430554,70.45481792297316,24.484470826921697,Overlap constrained,"Centroid 29.6 mi from an existing or planned store, inside the 30 mi screen",FALSE,,TRUE,FALSE
51735,Poquoson city,Independent city,37.130933038070616,-76.3568968720207,12556,4.29,120919.0,24.88,2.91,,5.936569914062939,43.468250360451115,164.14070445625097,,,25.0,817.6,15.356707562198093,Not in a screened corridor,Hampton Roads,39.49432347382313,70,88,56,35,66,30.231246374499136,53.08093491406252,57.06105059109975,2.8526449612686657,90.67455060237837,24.473287775940964,100.00000000000001,36.07907427010635,Ineligible: no interstate access,No interstate crosses this jurisdiction,FALSE,,FALSE,FALSE
51079,Greene County,County,38.29757497293055,-78.46686174974198,20850,7.42,85268.0,31.22,8.14,,19.188339577038455,25.30742196053764,25.30742196053764,9.0,4.32,27.0,133.7,155.9470174353819,Not in a screened corridor,Culpeper,38.62432961940232,71,85,48,65,95,37.82147955156897,67.12512623127473,33.465703418095,16.103979366960946,69.84538916375726,24.41803577156649,79.73741007194245,20.910768713110123,Overlap constrained,"Centroid 25.3 mi from an existing or planned store, inside the 30 mi screen",FALSE,,FALSE,FALSE
51520,Bristol city,Independent city,36.61800922022309,-82.16050127788054,17024,1.07,44706.0,17.95,-2.8,,0.5718525518526356,92.32409864368151,92.32409864368151,17.0,9.99,65.0,1322.6,12.871189974565281,I-81 Bristol / Southwest,Bristol,38.538746595108805,72,72,74,84,69,33.60469394968829,38.51187801474552,4.950974265393685,11.26132297737186,99.10682544958256,49.9483308552398,53.12451049498746,76.88450553610622,Traffic data unavailable,"An interstate crosses this jurisdiction but the VDOT extract holds no mainline traffic record for it, so highway exposure could not be measured",FALSE,,TRUE,FALSE
51185,Tazewell County,County,37.12496218015711,-81.56082639267603,39933,-5.1,45788.0,11.74,-7.92,,19.264731857063598,139.11341796814946,139.11341796814946,34.0,8.51,68.0,77.0,518.791190831253,Not in a screened corridor,Bristol,38.536860737517024,73,67,114,86,41,45.87385814193003,12.694031422594147,4.743996262613513,19.657640996835216,69.72531560575138,37.28896680677314,60.03263800198667,99.99999999999999,Ineligible: no interstate access,No interstate crosses this jurisdiction,FALSE,,FALSE,FALSE
51101,King William County,County,37.70658787181924,-77.08827428875976,18232,10.52,85212.0,24.0,2.19,,13.7182723324794,15.230293878417877,109.84638158701377,11.0,6.03,27.0,66.6,273.9104655225487,Not in a screened corridor,Fredericksburg,38.52772705676447,74,86,39,67,107,36.1612046778467,77.02701945489731,31.60430879448709,14.983919688199736,78.44325319359815,25.291031544266545,71.67845911949685,12.494139552773579,Overlap constrained,"Centroid 15.2 mi from an existing or planned store, inside the 30 mi screen",FALSE,,FALSE,FALSE
51009,Amherst County,County,37.60474570097849,-79.14509807870219,31385,-1.56,67298.0,36.87,12.79,,17.867202086473757,53.14586214685882,53.14586214685882,16.0,5.1,40.0,66.2,473.9614927578756,Not in a screened corridor,Lynchburg,38.31467495853122,75,74,80,72,73,44.06212530166036,33.909748771956814,20.83564814654566,19.96837063983957,71.92195605055358,28.26076950742601,76.06924751739153,44.162019023822495,Ineligible: no interstate access,No interstate crosses this jurisdiction,FALSE,,FALSE,FALSE
51820,Waynesboro city,Independent city,38.06740861078692,-78.90141786732657,22574,2.96,56364.0,23.23,1.56,,1.3007415768153086,19.885478350977696,19.885478350977696,13.0,5.76,67.0,1508.0,14.969795747429183,I-81 Harrisonburg / Rockingham,Staunton,37.676062247499104,76,82,66,76,103,39.25391231884517,47.423219019252876,12.414123301683,11.684493566550076,97.96115603652262,44.23108759669187,72.96705649567349,16.382247460026754,Overlap constrained,"Centroid 19.9 mi from an existing or planned store, inside the 30 mi screen",FALSE,,TRUE,FALSE
51005,Alleghany County,County,37.78779589053829,-80.0064371741053,14962,-2.12,55160.0,15.41,-4.89,18000.0,0.3821545905023882,70.78700619733439,70.78700619733439,9.0,6.02,23.0,33.5,446.5721623911052,Not in a screened corridor,Staunton,37.59958262445171,77,57,95,83,65,31.77909942307814,25.362704562803398,11.02819810324742,22.903998803901096,99.40499313299628,21.38692903374509,71.76346745087555,58.89627329021238,Watchlist,Eligible but outside the screened ranking cutoffs,FALSE,,TRUE,TRUE
51071,Giles County,County,37.31425252251187,-80.70311882443019,16610,-1.21,64819.0,23.52,1.79,,16.030945795529224,115.97944213014117,121.02010322534552,17.0,10.23,23.0,46.5,357.2245120769966,I-81 New River Valley,Salem,36.98053504350447,78,76,90,80,60,34.183139981504695,31.306327305696016,17.84291479445967,17.437465161364944,74.80818782936487,22.439405277550595,51.95615091310455,96.64194556896452,Ineligible: no interstate access,No interstate crosses this jurisdiction,FALSE,,FALSE,FALSE
51063,Floyd County,County,36.931561321385125,-80.36274889074673,15560,-0.68,61401.0,23.47,1.75,,12.985582132847648,83.81469090905881,126.05415993959727,5.0,3.21,20.0,40.8,380.92284017165235,Not in a screened corridor,Salem,36.69271615226189,79,80,87,78,53,33.56133795997535,33.35085570725687,18.21013205666412,11.867293336749409,79.59489730157449,22.960477516113478,84.91591688089117,69.77726935802312,Ineligible: no interstate access,No interstate crosses this jurisdiction,FALSE,,FALSE,FALSE
51750,Radford city,Independent city,37.12290003599725,-80.55873313324794,16505,-6.38,52791.0,43.68,18.4,,1.5615286139733997,100.86666107289487,123.540015731325,5.0,3.03,41.0,1705.7,9.676386891501496,I-81 New River Valley,Salem,36.45901533603219,80,79,107,88,39,34.44787459892873,17.202886900986382,5.7962607520850025,6.472506315220902,97.55125038345032,31.61349411723598,85.77956174896495,84.0194332119077,Traffic data unavailable,"An interstate crosses this jurisdiction but the VDOT extract holds no mainline traffic record for it, so highway exposure could not be measured",FALSE,,TRUE,FALSE
51143,Pittsylvania County,County,36.821036388224485,-79.39733145220183,60148,-2.48,54115.0,19.24,-1.73,,42.51260963114529,52.405018000147955,109.01946005170782,17.0,2.83,47.0,62.1,969.002778423726,Not in a screened corridor,Lynchburg,36.32743373626519,81,92,105,94,76,53.67966468793211,25.100946341262024,10.002036335364119,24.333721240871284,33.18424889715978,29.08659494727836,86.73258739553546,43.54325042252477,Ineligible: no interstate access,No interstate crosses this jurisdiction,FALSE,,FALSE,FALSE
51021,Bland County,County,37.13397351395696,-81.13037829659719,6211,-3.66,61375.0,21.51,0.14,32000.0,0.3703571516702312,125.44916839237258,147.45529291932246,4.0,6.44,4.0,17.4,357.64510319695296,Not in a screened corridor,Bristol,36.307200009359946,82,46,102,87,38,17.343165960466543,21.18985203760674,12.820703270526666,27.05002360862833,99.42353637395554,0.0,69.76868995867547,99.99999999999999,Watchlist,Eligible but outside the screened ranking cutoffs,FALSE,,TRUE,TRUE
51089,Henry County,County,36.68276150893741,-79.87401302193679,50365,-2.37,48445.0,32.06,8.83,,29.7704975114362,52.99676729830938,126.69326810376491,34.0,6.75,63.0,131.7,382.35103128389653,Not in a screened corridor,Salem,36.233863103689515,83,87,98,96,87,50.326747572816515,29.334399898674285,6.085662476320229,22.649597496733982,53.21232946001173,32.16738411502809,68.31099639299778,44.03749187285934,Ineligible: no interstate access,No interstate crosses this jurisdiction,FALSE,,FALSE,FALSE
51139,Page County,County,38.61934006391338,-78.48453506730232,23750,0.0,59396.0,23.87,2.08,,10.293508973841213,30.148172848648777,30.148172848648777,8.0,3.37,41.0,76.6,310.01727220123576,I-81 Harrisonburg / Rockingham,Staunton,36.1209374935459,84,84,85,85,90,39.816754937791686,36.111822622287754,13.179453011187674,14.764576960961591,83.82630396344769,29.690391236025796,84.1880701754386,24.95386559059179,Ineligible: no interstate access,No interstate crosses this jurisdiction,FALSE,,FALSE,FALSE
51113,Madison County,County,38.41365280027047,-78.27916628885205,13931,6.03,82972.0,53.09,26.17,,26.821727376060082,35.40912711760141,35.40912711760141,6.0,4.31,13.0,43.4,320.6387302265513,Not in a screened corridor,Culpeper,36.08866084785825,85,95,57,73,98,31.16597822701364,68.21695566338782,31.249636032900085,16.592745945284754,57.847213008187026,17.911163988420846,79.78249946163233,29.347925162964454,Ineligible: no interstate access,No interstate crosses this jurisdiction,FALSE,,FALSE,FALSE
51685,Manassas Park city,Independent city,38.77091161497852,-77.44291116923945,16923,3.04,100668.0,24.79,2.84,,3.554659336475198,24.448176211841798,85.36939973441892,7.0,4.14,13.0,5578.1,3.033816243650878,I-95 / I-66 Northern Virginia,Northern Virginia,36.01803168120416,86,99,63,59,101,35.83143208087142,48.19720476511413,42.586807056672775,3.7318171085292238,94.41844301937005,18.403275004877788,80.58313143847622,20.19310860544507,Overlap constrained,"Centroid 24.4 mi from an existing or planned store, inside the 30 mi screen",FALSE,,FALSE,FALSE
51167,Russell County,County,36.93382706114256,-82.09567763608537,25635,-6.47,49020.0,24.16,2.32,,17.261032693402807,107.28649154803394,107.28649154803394,16.0,6.24,30.0,54.1,473.5239413284009,I-81 Bristol / Southwest,Bristol,35.94262790969946,87,75,119,95,49,39.057615621423025,11.058031214972637,6.2559542726168,18.53004467740737,72.8747344694769,24.735022151147422,70.70151485599116,89.38141054723064,Ineligible: no interstate access,No interstate crosses this jurisdiction,FALSE,,FALSE,FALSE
51025,Brunswick County,County,36.76463106621689,-77.8590563104699,15868,-4.78,52978.0,26.36,4.13,26000.0,5.913521226369059,69.35693470119168,124.42493700398208,11.0,6.93,10.0,28.0,566.2400148276138,I-95 / I-85 Southside,Richmond,35.75373134427455,88,62,110,91,71,32.46712174984572,18.277851694510186,8.701189946273962,26.781882102844506,90.71077858166973,14.087802255681503,67.45914208890008,57.701847521509734,Watchlist,Eligible but outside the screened ranking cutoffs,FALSE,,TRUE,TRUE
51590,Danville city,Independent city,36.58308099087943,-79.40876086044604,42239,1.75,42778.0,17.84,-2.89,,35.36904310954301,36.167559806229065,125.18154063118646,30.0,7.1,135.0,986.8,42.80259803417334,Not in a screened corridor,Lynchburg,35.24378229174303,89,104,93,106,112,47.24046696727117,41.12143473680265,2.4967971496197414,17.48322471754075,44.412522864349526,53.73706527079118,66.65995880584295,29.981384084121007,Ineligible: no interstate access,No interstate crosses this jurisdiction,FALSE,,FALSE,FALSE
51081,Greensville County,County,36.67581140945026,-77.55955933484081,11304,-3.04,56759.0,27.45,5.03,43000.0,0.14753611872245398,64.57749730935883,138.08606362348462,9.0,7.96,3.0,38.3,295.22705102333606,I-95 / I-85 Southside,Hampton Roads,35.030562321779584,90,50,100,103,79,26.297881868210894,25.362412770406475,6.266081126676699,31.364945195931217,99.77376697599782,0.6432187165841494,62.62606157112526,53.70996096471593,Watchlist,Eligible but outside the screened ranking cutoffs,FALSE,,TRUE,TRUE
51670,Hopewell city,Independent city,37.29149163449267,-77.29851680694165,22944,2.39,48681.0,20.21,-0.94,,1.6397469803452316,21.75620884941087,115.42655840360054,10.0,4.36,42.0,2215.9,10.354361432385469,Not in a screened corridor,Richmond,35.000720383095384,91,93,77,97,104,38.26208583609109,44.31183629003602,4.765796058132402,9.781509366664727,97.42830657880694,29.40920470659412,79.5407659228266,17.94472088856052,Overlap constrained,"Centroid 21.8 mi from an existing or planned store, inside the 30 mi screen",FALSE,,TRUE,FALSE
51157,Rappahannock County,County,38.68473968501166,-78.15928552664627,7409,1.05,98125.0,43.38,18.16,,16.126108555488532,42.260677243418996,47.43643998060785,4.0,5.4,12.0,27.8,266.37223400631706,I-66 Piedmont,Culpeper,34.404350228151635,92,97,73,57,105,20.469026286941116,45.98389370099174,50.92138117535335,11.746180855103884,74.65861078867157,19.880537470010964,74.65694875601744,35.0704838237782,Ineligible: no interstate access,No interstate crosses this jurisdiction,FALSE,,FALSE,FALSE
51195,Wise County,County,36.97521941704877,-82.6212917178771,35727,-8.45,50740.0,32.32,9.05,,26.525912833208512,88.26705043577167,88.26705043577167,29.0,8.12,59.0,88.6,403.4398018392618,Not in a screened corridor,Bristol,34.05977418716397,93,91,124,107,75,43.836732318013745,5.787089348795926,4.356892725237843,20.14469601583421,58.312174973694326,32.56170142309844,61.89693135910282,73.49597360783065,Ineligible: no interstate access,No interstate crosses this jurisdiction,FALSE,,FALSE,FALSE
51175,Southampton County,County,36.72038055774015,-77.10630317428664,17988,0.27,68465.0,25.37,3.32,,19.638665264317453,53.91473250235252,150.721076388537,12.0,6.67,4.0,30.0,599.1957120601106,Not in a screened corridor,Hampton Roads,34.04060203312312,94,89,92,89,97,35.19544034788359,37.606261031145415,19.067601533349716,20.276483869288167,69.13756623302079,8.39584538094194,68.684678674672,44.804195703709,Ineligible: no interstate access,No interstate crosses this jurisdiction,FALSE,,FALSE,FALSE
51135,Nottoway County,County,37.143033812082095,-78.05121382213333,15597,0.63,62161.0,45.0,19.5,,21.775680256035926,62.907397834424,96.41165485321646,11.0,7.05,26.0,49.6,314.3896992231231,Not in a screened corridor,Richmond,33.81860903889912,95,96,84,102,94,31.550786579385875,44.832888129480466,10.862928002275456,15.724907622001675,65.77860125013086,24.89123151875337,66.89374024919321,52.315058783573626,Ineligible: no interstate access,No interstate crosses this jurisdiction,FALSE,,FALSE,FALSE
51640,Galax city,Independent city,36.665982614695295,-80.91760425851987,6698,0.9,41438.0,29.75,6.92,,9.360638736647626,98.9393965655524,157.95915092619003,8.0,11.94,32.0,813.2,8.236360975893662,Not in a screened corridor,Salem,33.6652310244708,96,98,91,104,89,19.64207536971286,41.35454078870923,4.605024822591659,7.606323180479014,85.2925915058639,52.34275402521311,43.933512491290934,82.40974139098483,Ineligible: no interstate access,No interstate crosses this jurisdiction,FALSE,,FALSE,FALSE
51169,Scott County,County,36.71429823132752,-82.60310489626757,21504,-2.29,45136.0,15.31,-4.97,,8.474634444109116,75.80465742859981,75.80465742859981,23.0,10.7,22.0,40.1,535.8272698093436,I-81 Bristol / Southwest,Bristol,33.60376155861326,97,83,109,111,93,36.63453438298441,24.672462834045678,3.998203779163729,17.99811010174102,86.6852150507899,17.757543439354393,49.79267423115079,63.08712105212586,Ineligible: no interstate access,No interstate crosses this jurisdiction,FALSE,,FALSE,FALSE
51131,Northampton County,County,37.34385923524381,-75.87725293300642,12115,1.32,55933.0,28.43,5.84,,33.229607661596226,62.59250168082665,180.77328666755201,12.0,9.91,42.0,57.2,211.7117981398242,Not in a screened corridor,Hampton Roads,33.35448421310489,98,100,94,92,114,28.029320269148503,42.594611179616855,17.111425353883035,19.73088359819279,47.775292325797146,41.510684994879746,53.50392075938918,52.05205089806823,Ineligible: no interstate access,No interstate crosses this jurisdiction,FALSE,,FALSE,FALSE
51077,Grayson County,County,36.65663717357875,-81.22499359908423,15323,-3.09,42864.0,26.19,3.99,,17.791965067743302,114.55313003189059,141.43761540865907,8.0,5.22,10.0,34.7,441.7853280614327,Not in a screened corridor,Bristol,33.330826006358464,99,90,112,120,51,31.57688719725008,24.794060100816672,2.218970639589494,13.138084025786636,72.04021376625143,10.048901667457123,75.49217951228002,95.45065972839083,Ineligible: no interstate access,No interstate crosses this jurisdiction,FALSE,,FALSE,FALSE
51001,Accomack County,County,37.76411998236696,-75.633857532677,33326,1.78,57500.0,33.07,9.66,,63.62483847049901,77.08668337521483,184.14125800002392,29.0,8.7,74.0,74.2,449.3197838846559,Not in a screened corridor,Hampton Roads,33.2792545631249,100,118,97,110,106,44.550431754433404,45.759526991698536,13.81342215167833,20.955422753201436,0.0,39.247931505197094,59.151763387945344,64.15789606646092,Ineligible: no interstate access,No interstate crosses this jurisdiction,FALSE,,FALSE,FALSE
51183,Sussex County,County,36.92177028822116,-77.26202380974445,10793,-6.03,62821.0,37.16,13.04,39000.0,7.345915797863857,42.26920713617073,134.60242398495384,11.0,10.19,16.0,22.0,490.22580371432053,Not in a screened corridor,Hampton Roads,33.24655643653206,101,66,118,93,116,26.156330340316735,16.627174489648883,14.481416838750103,30.888820240113184,88.45933756418599,17.936192168300078,52.15803452855245,35.077608169473095,Watchlist,Eligible but outside the screened ranking cutoffs,FALSE,,TRUE,TRUE
51083,Halifax County,County,36.766737892181645,-78.93666346904273,33811,-2.78,49244.0,16.45,-4.04,,38.051675960972034,52.725604757141,109.6363510433746,15.0,4.44,47.0,41.3,817.7310616013764,Not in a screened corridor,Lynchburg,33.04722113189175,102,101,117,117,96,44.06139030212706,23.106960952125,5.392145536782434,20.106995426804257,40.195954499214125,31.147615084615058,79.17467688030521,43.811011219582916,Ineligible: no interstate access,No interstate crosses this jurisdiction,FALSE,,FALSE,FALSE
51690,Martinsville city,Independent city,36.682663775449996,-79.86361787191156,13584,3.69,42434.0,27.72,5.26,,29.82246179476117,52.648363626970855,126.46471274472253,6.0,4.42,42.0,1239.9,10.955512840682093,Not in a screened corridor,Salem,32.947836959601396,103,110,81,119,100,29.81863158978188,51.592716733512354,3.2500442694268585,10.573136692266877,53.13065188230358,43.175442228215026,79.26604829210837,43.74649780432516,Ineligible: no interstate access,No interstate crosses this jurisdiction,FALSE,,FALSE,FALSE
51125,Nelson County,County,37.78726951187556,-78.88680699423061,14777,-0.24,68525.0,9.73,-9.57,,16.97993568267991,39.23949407794039,39.23949407794039,13.0,8.8,13.0,31.4,470.7452274141249,I-64 Charlottesville,Lynchburg,32.93256437571785,104,94,101,81,119,30.47934196884075,30.98135474640614,27.831615604027146,18.93523521621694,73.31656338479677,20.461533719724674,58.70327761611513,32.547128149218175,Traffic data unavailable,"An interstate crosses this jurisdiction but the VDOT extract holds no mainline traffic record for it, so highway exposure could not be measured",FALSE,,TRUE,FALSE
51193,Westmoreland County,County,38.11199904818744,-76.80405839836497,18683,5.92,59766.0,10.13,-9.24,,38.12760567153492,41.30831284538942,116.72167798389381,9.0,4.82,35.0,81.5,229.32607398068188,Not in a screened corridor,Fredericksburg,32.61223586570604,105,115,78,99,113,34.19054006689191,55.03545658395674,17.846244088200905,13.200397352711391,40.07660800893208,28.035291975301014,77.38719691698336,34.275049063159784,Ineligible: no interstate access,No interstate crosses this jurisdiction,FALSE,,FALSE,FALSE
51011,Appomattox County,County,37.37224774628539,-78.81255129121199,16424,5.44,62337.0,10.97,-8.55,,41.988351618487414,68.11646653850154,68.11646653850154,11.0,6.7,18.0,49.1,334.2235485736268,Not in a screened corridor,Lynchburg,32.44321995560894,106,112,79,105,102,33.742062941135984,53.41974596826477,16.3855758811265,15.427779938267642,34.00827882364204,20.645127994559257,68.5607444390323,56.66578244170868,Ineligible: no interstate access,No interstate crosses this jurisdiction,FALSE,,FALSE,FALSE
51103,Lancaster County,County,37.73451321386526,-76.46316393048153,10876,0.67,67169.0,32.38,9.1,,28.76215529578281,33.63424227475978,141.04736842425396,8.0,7.36,39.0,81.6,133.306201531253,Not in a screened corridor,Fredericksburg,32.39801425020597,107,113,96,77,121,25.193050421171975,41.24165240270796,30.103490526268303,12.47593048290176,54.797244028358165,46.25916975506502,65.47137427975971,27.865504040322755,Ineligible: no interstate access,No interstate crosses this jurisdiction,FALSE,,FALSE,FALSE
51147,Prince Edward County,County,37.22430029824532,-78.4410597476701,21932,-4.46,55082.0,19.25,-1.72,,37.59758576251974,81.60925629605191,82.44026649715944,12.0,5.47,38.0,62.7,349.946317275726,Not in a screened corridor,Lynchburg,32.26584214490065,108,103,121,115,82,36.93665758244981,17.410410214818125,7.328619594174542,18.162818560781307,40.90969449710166,31.040851677495475,74.31606784606966,67.93524401868211,Ineligible: no interstate access,No interstate crosses this jurisdiction,FALSE,,FALSE,FALSE
51007,Amelia County,County,37.33602644441176,-77.97602551330986,13342,3.8,66339.0,13.35,-6.59,,27.86237836762968,54.891912509805515,87.46254634273105,10.0,7.5,9.0,37.5,355.3604517823824,Not in a screened corridor,Richmond,32.17171492985065,109,105,86,100,108,30.082026222462044,47.75392882630316,18.475991123452253,16.406230990875663,56.21151543300013,15.268351858354809,64.8166191975216,45.62035698285557,Ineligible: no interstate access,No interstate crosses this jurisdiction,FALSE,,FALSE,FALSE
51119,Middlesex County,County,37.63030129427707,-76.56969143833216,10774,0.69,74154.0,42.83,17.71,,19.504463505900762,25.285929922329775,138.04749530359493,8.0,7.43,24.0,82.7,130.33038516775622,Not in a screened corridor,Fredericksburg,32.16144055079665,110,108,88,82,123,25.22604430777218,44.42178911626382,27.34630886634492,14.200860002207898,69.3485048595212,30.015587736360224,65.14448363343851,20.892818111111094,Overlap constrained,"Centroid 25.3 mi from an existing or planned store, inside the 30 mi screen",FALSE,,FALSE,FALSE
51141,Patrick County,County,36.67828507139358,-80.28452790197501,17606,-1.42,50938.0,25.82,3.69,,21.64685111183777,68.94375735834423,137.8179017766473,14.0,7.95,16.0,36.5,482.9544004500188,Not in a screened corridor,Salem,31.721945787409396,111,102,106,112,99,33.95984282868668,31.173179789608863,10.321792993061802,13.914069520012658,65.98109518948752,17.01639329872406,62.67276307319474,57.35675312121422,Ineligible: no interstate access,No interstate crosses this jurisdiction,FALSE,,FALSE,FALSE
51111,Lunenburg County,County,36.94621349535997,-78.240500622425,11990,-2.35,54460.0,30.08,7.2,,15.46279108092787,78.3309413011235,104.25531094586562,7.0,5.84,7.0,27.8,431.6999385201613,Not in a screened corridor,Richmond,30.36438128752939,112,106,115,121,86,27.282943872050044,28.82428426190852,7.560071092661397,9.75603495943826,75.70121469094768,9.25853044962632,72.59452321378927,65.19712643614973,Ineligible: no interstate access,No interstate crosses this jurisdiction,FALSE,,FALSE,FALSE
51027,Buchanan County,County,37.26652673783098,-82.03604445206902,19857,-10.3,42216.0,37.04,12.93,,36.453622135444874,125.02660963628405,125.02660963628405,8.0,4.03,16.0,39.5,502.85439064468943,Not in a screened corridor,Bristol,30.277714736545704,113,107,131,128,59,33.48038748283638,0.0,1.2694313974569964,14.839553123418176,42.70777910574273,18.924194080233335,81.08811334374109,99.99999999999999,Ineligible: no interstate access,No interstate crosses this jurisdiction,FALSE,,FALSE,FALSE
51530,Buena Vista city,Independent city,37.73190225654092,-79.35687967905943,6612,3.33,54458.0,58.89,30.95,,3.35604356056608,49.01201933833644,49.01201933833644,4.0,6.05,10.0,1027.0,6.438157740359966,Not in a screened corridor,Staunton,30.131628076731243,114,117,70,113,115,19.098448303724602,59.44773238629063,12.282897714979873,0.0,94.73062774381681,12.424513195610238,71.60213752772735,40.709346631160194,Ineligible: no interstate access,No interstate crosses this jurisdiction,FALSE,,FALSE,FALSE
51029,Buckingham County,County,37.572114363545445,-78.52885883195412,16914,-0.53,59199.0,27.97,5.46,,30.07350184260089,58.23448160633133,58.23448160633133,12.0,7.09,6.0,29.2,579.6225218212476,Not in a screened corridor,Lynchburg,29.65859335219669,115,116,111,122,117,32.95289246427076,35.26966928257748,11.193558524124251,13.3299847048721,52.73606656902109,11.824615766824598,66.69622797682393,48.41214094143963,Ineligible: no interstate access,No interstate crosses this jurisdiction,FALSE,,FALSE,FALSE
51580,Covington city,Independent city,37.77852344716827,-79.98676650028365,5671,1.59,42724.0,8.35,-10.71,,0.4230521833934479,70.25801575256217,70.25801575256217,5.0,8.82,16.0,1037.0,5.468689969454153,Not in a screened corridor,Staunton,29.232859388469873,116,111,104,127,109,15.427006562862346,37.682320246564565,0.0,2.533141637218614,99.34071020426722,30.318460505079383,58.61253159348733,58.45444935320107,Traffic data unavailable,"An interstate crosses this jurisdiction but the VDOT extract holds no mainline traffic record for it, so highway exposure could not be measured",FALSE,,TRUE,FALSE
51049,Cumberland County,County,37.51196985745617,-78.2451589128166,9745,-0.42,57057.0,23.44,1.73,,26.699615002912807,68.48900535697143,69.07725950230046,7.0,7.18,12.0,32.8,297.47407369373934,Not in a screened corridor,Lynchburg,29.04153808172323,117,119,113,118,111,26.38709845657374,34.35220745156817,15.679473548240862,9.598836752341674,58.03914951165977,13.129811390385365,66.28099880280485,56.97693469236374,Ineligible: no interstate access,No interstate crosses this jurisdiction,FALSE,,FALSE,FALSE
51181,Surry County,County,37.10984913224423,-76.90018203634112,6552,-0.73,71458.0,30.29,7.38,,17.24228226555103,27.279347119818464,140.37768776667284,,,5.0,23.5,278.94944734177676,Not in a screened corridor,Hampton Roads,28.770311763975,118,114,108,101,110,19.591671957765815,35.18131550674178,24.194360893285502,8.356128840354772,72.904206434256,3.431247252190645,100.00000000000001,22.557762049143324,Overlap constrained,"Centroid 27.3 mi from an existing or planned store, inside the 30 mi screen",FALSE,,FALSE,FALSE
51045,Craig County,County,37.48162972732058,-80.21164430857993,4881,-4.54,67778.0,22.16,0.67,,14.300272899432299,92.64656528985127,92.64656528985127,,,5.0,14.9,328.09820037735966,Not in a screened corridor,Salem,28.738697188032145,119,109,122,108,68,13.681445233913301,17.963490277962315,19.540276669330293,3.9242335611329926,77.52846339006719,2.3158898302174395,100.00000000000001,77.15383645611348,Ineligible: no interstate access,No interstate crosses this jurisdiction,FALSE,,FALSE,FALSE
51595,Emporia city,Independent city,36.695287405331676,-77.53567370891541,5633,4.68,49375.0,60.01,31.87,,0.8992829256426529,62.76599943335468,137.6786453472346,12.0,21.3,23.0,815.9,6.903920110150731,I-95 / I-85 Southside,Hampton Roads,28.231120273923707,120,128,72,126,133,15.94950268214066,65.02581260475014,4.357087567966854,0.35814128722974903,98.59216964971341,42.39405443397714,0.0,52.19695986729839,Traffic data unavailable,"An interstate crosses this jurisdiction but the VDOT extract holds no mainline traffic record for it, so highway exposure could not be measured",FALSE,,TRUE,FALSE
51159,Richmond County,County,37.94256066876748,-76.72499708908875,9047,1.9,64184.0,28.8,6.15,,33.635593204480685,34.16883739519998,123.27791514034136,4.0,4.42,13.0,47.2,191.477877454682,Not in a screened corridor,Fredericksburg,28.102742063187407,121,124,103,125,122,21.862738064685637,44.95811075645775,13.18324872169003,13.269718685891435,47.13716333400574,18.1810515940437,79.24542205519326,28.312009120242717,Ineligible: no interstate access,No interstate crosses this jurisdiction,FALSE,,FALSE,FALSE
51620,Franklin city,Independent city,36.68309253075521,-76.93860022943576,8212,0.01,65125.0,61.3,32.93,,29.07800484843004,56.25685623399984,158.85467862026135,9.0,10.96,26.0,992.1,8.277341859001357,Not in a screened corridor,Hampton Roads,28.098896431800895,122,131,99,116,129,22.878073288300605,47.26299934126263,16.60320328100922,3.632826970130303,54.300790989275676,36.49800761951661,48.55394544568923,46.76038666766789,Ineligible: no interstate access,No interstate crosses this jurisdiction,FALSE,,FALSE,FALSE
51133,Northumberland County,County,37.887308951003206,-76.41942459119456,12085,-1.13,69500.0,18.45,-2.39,,38.7441310000063,41.61087211392666,140.39713111839671,9.0,7.45,13.0,63.1,191.43155291770006,Not in a screened corridor,Fredericksburg,27.7556008136671,123,130,120,98,128,26.920552591978307,30.111980542898184,29.694481094139796,12.04536049362294,39.107552107394035,20.010643079255935,65.04137360364088,34.52775292298459,Ineligible: no interstate access,No interstate crosses this jurisdiction,FALSE,,FALSE,FALSE
51051,Dickenson County,County,37.12577472374089,-82.35037224839994,13920,-6.95,43831.0,49.97,23.59,,35.29765718892224,105.96823490416229,105.96823490416229,9.0,6.47,10.0,42.1,330.440254372045,Not in a screened corridor,Bristol,27.57078219354324,124,123,127,131,83,28.87788335434951,16.85548240036923,1.9729513502295384,9.940598125350876,44.524727415354434,11.299779215506225,69.64978448275862,88.28037489310373,Ineligible: no interstate access,No interstate crosses this jurisdiction,FALSE,,FALSE,FALSE
51115,Mathews County,County,37.43528230030267,-76.34373191612903,8517,-3.17,75487.0,12.65,-7.16,,20.322767959256968,36.27204712163747,154.79032894329916,6.0,7.04,12.0,99.1,85.91084148688773,Not in a screened corridor,Fredericksburg,27.474054877517187,125,126,123,90,126,21.741957816982136,20.46341923372831,31.639818669249593,8.25282196538043,68.06229207448311,17.70942454038944,66.930844193965,30.06865408590972,Ineligible: no interstate access,No interstate crosses this jurisdiction,FALSE,,FALSE,FALSE
51057,Essex County,County,37.94276376337355,-76.95166053159721,10604,-3.91,56481.0,7.21,-11.64,,27.744439467566927,30.819142601706712,111.30036568370541,8.0,7.54,25.0,41.2,257.35403198956345,Not in a screened corridor,Fredericksburg,27.412558067385113,126,121,128,123,130,25.41323263938274,15.973026839088712,13.043562183086918,15.623291330102939,56.39689206206757,31.25243256256053,64.58569093423866,25.514273629794094,Ineligible: no interstate access,No interstate crosses this jurisdiction,FALSE,,FALSE,FALSE
51105,Lee County,County,36.70545362839079,-83.12900154736663,22042,-8.67,42269.0,29.19,6.47,,31.20565533474477,56.91906566253336,56.91906566253336,17.0,7.71,19.0,50.6,435.37761602068247,Not in a screened corridor,Bristol,26.72217784604678,127,120,132,132,120,35.51972538994812,4.0030125160100045,0.7517751262074452,16.628515058445107,50.95654515709606,15.567590825601977,63.79601064634183,47.31347789971588,Ineligible: no interstate access,No interstate crosses this jurisdiction,FALSE,,FALSE,FALSE
51037,Charlotte County,County,37.011506234394794,-78.66156023880477,11475,-5.13,48892.0,24.69,2.75,,36.20288773258469,74.65309610732356,93.8606605570616,9.0,7.84,13.0,24.1,475.29566297518664,Not in a screened corridor,Lynchburg,26.678710462096646,128,125,129,129,118,27.424130885146184,16.42209453632765,6.333637371854238,14.09200964258328,43.101884005557174,16.869963302426566,63.18300653594771,62.125312834785966,Ineligible: no interstate access,No interstate crosses this jurisdiction,FALSE,,FALSE,FALSE
51097,King and Queen County,County,37.71852197295568,-76.89482258922786,6676,-5.33,72851.0,33.63,10.13,,16.34510792154858,16.281500450736104,119.24713667243275,5.0,7.49,,21.2,315.1308864094036,Not in a screened corridor,Fredericksburg,25.14747246995536,129,122,126,114,131,19.928324005144002,18.299104441837816,25.962706998959707,13.724687556507792,74.31438709126117,0.06883485326459436,64.84296984222088,13.372129374676275,Overlap constrained,"Centroid 16.3 mi from an existing or planned store, inside the 30 mi screen",FALSE,,FALSE,FALSE
51036,Charles City County,County,37.35672781567684,-77.06216356831516,6686,-4.42,70339.0,18.83,-2.07,,9.755176291668784,10.30813142101685,123.06435469786472,5.0,7.48,3.0,36.6,182.90105198148777,I-64 Richmond East / New Kent,Richmond,25.14622126031768,130,127,125,109,132,20.199627249717892,17.441143810163393,25.891455347113453,8.470211091817978,84.6724564872109,6.923425541033533,64.89555289659985,8.383046021633234,Overlap constrained,"Centroid 10.3 mi from an existing or planned store, inside the 30 mi screen",FALSE,,FALSE,FALSE
51017,Bath County,County,38.05865741996217,-79.74114428312473,4123,-6.15,61709.0,33.75,10.23,,14.236919947894393,48.877935249065224,48.877935249065224,3.0,7.28,7.0,7.8,529.2016737567911,Not in a screened corridor,Staunton,24.455663437625667,131,129,130,124,127,11.61642669336928,15.148531348343404,17.955893089875165,6.016245964695176,77.62804170215354,15.719648152643742,65.84404559786563,40.59735678182012,Ineligible: no interstate access,No interstate crosses this jurisdiction,FALSE,,FALSE,FALSE
51720,Norton city,Independent city,36.93150905468718,-82.62623282116773,3620,-9.27,38497.0,37.14,13.02,,23.547972015961072,85.75210410751424,85.75210410751424,4.0,11.05,21.0,484.1,7.47746791682668,Not in a screened corridor,Bristol,23.169449294118852,132,132,133,133,125,8.416162002819453,4.0318650925108175,0.022190318682602773,0.9246584277717653,62.99290906541402,55.85891390687998,48.13075506445672,71.39543757905368,Ineligible: no interstate access,No interstate crosses this jurisdiction,FALSE,,FALSE,FALSE
51091,Highland County,County,38.36225436077547,-79.56857421275816,2265,2.3,62946.0,36.4,12.41,,32.09206077977567,34.91829078612564,34.91829078612564,,,3.0,5.5,415.16287264365286,Not in a screened corridor,Staunton,22.597062561604442,133,133,116,130,124,0.0,48.76866293949976,17.96362036389699,2.291063107456091,49.563291079777926,7.243917206795772,100.00000000000001,28.937968343244986,Ineligible: no interstate access,No interstate crosses this jurisdiction,FALSE,,FALSE,FALSE
